path,status,main_mode,main_type,main_blob,historical_mode,historical_type,historical_blob
.github/workflows/dashboard-ui-tests.yml,main_only,100644,blob,0a0ba2b8f700c43b24066ab84db7b048ecf9e3e4,,,
.github/workflows/deployment-discovery-tests.yml,historical_only,,,,100644,blob,84847c4736f834366912b55e412b0f305490e712
.github/workflows/service-ui-tests.yml,main_only,100644,blob,9b4396227cbea26a2a0e23fcab049bdb1a964410,,,
.gitignore,different,100644,blob,39f4beb1fa88d81229c9fd05044a146958202fdd,100644,blob,35cf60395f551953e889e5c132ccea8dd02c86ff
AGENTS.md,main_only,100644,blob,74b7950e419eeecca161d7f55f47d76091b420be,,,
Docs/BACKEND_WEBUI_STANDARD.md,different,100644,blob,2d1d8e7cd75020058cfeab2871e7c8ddf5286be8,100644,blob,f31134f4cf3450d058d3d5dd4913c54d4ac8eecb
Docs/BASISSTATION-DESIGN-UPDATE.md,main_only,100644,blob,ff65ba17a982cb00c6ff76e7998d043c321c6efa,,,
Docs/BASISSTATION-DESIGN.md,main_only,100644,blob,3fe5176c5f178ce055e7fa08250434eafbb0d628,,,
Docs/CENTRAL_IDENTITY_RBAC_ROADMAP.md,main_only,100644,blob,81cda0df10bb21b266be6fa396201709ee3b78c1,,,
Docs/Control_Room/Readme.md,main_only,100644,blob,8b137891791fe96927ad78e64b0aad7bded08bdc,,,
Docs/DIENST-WEBUI-DESIGN-UPDATE.md,main_only,100644,blob,215a78096ec8014b8afe88db43fc9bba0ba44eaf,,,
Docs/NETCORE_DRIVE_ROADMAP.md,main_only,100644,blob,590a5ddf11a9346688bd8e08164a11f0b4c335a4,,,
Docs/NetCore-Tetra-Komplettguide-2026-09-28.docx,main_only,100644,blob,2fee0440150b234b1cd82beb1e0ad72163298319,,,
Docs/NetCore-Tetra-Komplettguide-2026-09-28.md,main_only,100644,blob,fe644850a006804f3c025859a8b55e0fde82df9b,,,
Docs/NetCore-Tetra-Komplettguide-2026-09-28.pdf,main_only,100644,blob,f73d2e21207c70ddb7db59eca22af1a840ed0845,,,
Docs/NetCore-Tetra-Komplettguide-2026-10-07.docx,main_only,100644,blob,119a871a46a0b666983ae02d705009b8ba6e1359,,,
Docs/NetCore-Tetra-Komplettguide-2026-10-07.md,main_only,100644,blob,93bd2a598493b8057e1dfb3da37296c9b39853b8,,,
Docs/NetCore-Tetra-Komplettguide-2026-10-07.pdf,main_only,100644,blob,914617fd890b53b7f7370b9af42a0cc0d0bd2442,,,
Docs/NetCore-Tetra-Systemhandbuch-2026-09-28.docx,main_only,100644,blob,f870b9acc2d86f1f9286cff16aa052de2f8954c6,,,
Docs/NetCore-Tetra-Systemhandbuch-2026-09-28.md,main_only,100644,blob,0b8d381181e73136d7ed95a81a4a07b590f0ef85,,,
Docs/NetCore-Tetra-Systemhandbuch-2026-09-28.pdf,main_only,100644,blob,5a287bbfa79109240a7be6dc38a97264f741a5eb,,,
Docs/NetCore-Tetra-Systemhandbuch-2026-10-07.docx,main_only,100644,blob,506c6c0cd24910c87f167179b4c78df52be77a98,,,
Docs/NetCore-Tetra-Systemhandbuch-2026-10-07.md,main_only,100644,blob,749c9c613e6ec994a2979c1e1e0e6eb264f6251a,,,
Docs/NetCore-Tetra-Systemhandbuch-2026-10-07.pdf,main_only,100644,blob,5bd5213f75ce916267bb70a7a1d8d41e9edc9a51,,,
Docs/archive/2026-10-03_android-control-app-flask-api-und-hybrid-manager.md,main_only,100644,blob,7e2403ccd3d2ccc29a253c15c8ea56b793ed7c9b,,,
Docs/archive/2026-10-03_basisstation-dashboard-deutsch-integrationen-wiki-dgna-gruppennamen.md,main_only,100644,blob,e6556b0e5114325c53b7f2b4706a7d6eec2a437a,,,
Docs/archive/2026-10-03_basisstation-issi-eigentuemer-und-systemidentitaet.md,main_only,100644,blob,ca9c1d0b22ee5fe0dc879a1bc9bc593031ee34bd,,,
Docs/archive/2026-10-03_control-room-windows-ui-rbac-status-tableau-directory-api.md,main_only,100644,blob,06d7562fd2fcd47885029160c895921e3ffb3869,,,
Docs/archive/2026-10-03_flowstation-dualcarrier-bearer-ack-release-und-secondary-control.md,main_only,100644,blob,4c20ef25f56a50944043439914c41e8e114a398c,,,
Docs/archive/2026-10-03_flowstation-dualcarrier-portierung-sxceiver-hotfixes.md,main_only,100644,blob,d17a61c204569f865afc559c3a7ca1bc681a8795,,,
Docs/archive/2026-10-03_flowstation-sds-services-gateways-und-bot-architektur.md,main_only,100644,blob,48758351acdabe9be03d88024c729dceda55f42a,,,
Docs/archive/2026-10-03_flowstation-wetterdaten-sds-weatherbot.md,main_only,100644,blob,51538d5c9b3cbbb63b3a9f8af3e105116f7bc300,,,
Docs/archive/2026-10-03_gespraechssimulator-issi-und-lokale-mikrofon-ptt-sprechstelle.md,main_only,100644,blob,b253385201eb94632f6fe8328de799bb802f5410,,,
Docs/archive/2026-10-03_git-wiki-und-netcore-zusatzmodule.md,main_only,100644,blob,c02a52d02f6d3636f147472ce98bc5db8e6529fa,,,
Docs/archive/2026-10-03_motorola-rua-rui-sds-decodierung-und-webui-benutzerverwaltung.md,main_only,100644,blob,093dbb6c1f681c7b980b40ad7fea2870804b853c,,,
Docs/archive/2026-10-03_netcore-tetra-aktenordner-design-helle-v2-9x16.md,main_only,100644,blob,ea3021b86e9c31cf97b1116b0ae431216cfbb4f1,,,
Docs/archive/2026-10-03_netcore-wallpaper-und-branding.md,main_only,100644,blob,003b1d188c65f46c3bc32063248b97442ae7c125,,,
Docs/archive/2026-10-03_sirio-spo-380-2-rx-tx-antennenmast-und-entkopplung.md,main_only,100644,blob,7ac7252d4569a3cdc1ca64d6157c425f052ecb14,,,
Docs/archive/2026-10-03_startbanner-runtime-versionierung-arm64-release-rustfmt.md,main_only,100644,blob,eb932273b79f696852da22443e0d50f6b20e7b2a,,,
Docs/archive/2026-10-03_usb-signatur-hybrid-control-brew-backup-und-receipt-server.md,main_only,100644,blob,3b547f4c52190a895a40f4199a7475e66b5687c9,,,
Docs/archive/2026-10-03_wap-sndcp-ip-gateway-multi-pdch-und-control-room.md,main_only,100644,blob,048fed484e0513da9ac7ba3adb77eec4e6196a15,,,
Docs/archive/2026-10-03_werma-racksignalisierung-bpi-r4-pro-und-rack-architektur.md,main_only,100644,blob,0422fb894bcfab3976d5c00300e673bcdd0a34ca,,,
Docs/archive/2026-10-04_basisstation-erstinstallation-sxceiver-hamtetra-dmo-und-bluestation.md,main_only,100644,blob,5697c114c892b310e3aaea631535c712e2d14d14,,,
Docs/archive/2026-10-04_basisstation-funktionsroadmap-einzelzelle-bis-multisite.md,main_only,100644,blob,edc8613244bd18c18d044209ea42b1e6bbe57d41,,,
Docs/archive/2026-10-04_codex-wap-ip-mehrgeraetebetrieb-und-logdiagnose.md,main_only,100644,blob,e97a08c1eaa836f946f927c551c672aa34b7933e,,,
Docs/archive/2026-10-04_etsi-mcc-mnc-ssi-gssi-bitlaengen-und-telekom-netzkennung.md,main_only,100644,blob,05d13189f884dac8e3f9ec8b450053af28aca18f,,,
Docs/archive/2026-10-04_event-funkplan-formular-word-und-gruppenzuordnung.md,main_only,100644,blob,ea5add3120d2e7ae68ab7062a8d441752fc4adad,,,
Docs/archive/2026-10-04_frn-lokalserver-modulares-funkrack-und-audio-routing.md,main_only,100644,blob,acfd4885d67b4da8dc3656a1b0396e7ae0098d77,,,
Docs/archive/2026-10-04_funkgeraete-inventarliste-excel-stammdaten-ohne-zubehoerbindung.md,main_only,100644,blob,dacad355b8dfe909dfacd8416a66b8e12e65a03f,,,
Docs/archive/2026-10-04_gruppenuebersicht-zebra-test-und-historische-testgruppen.md,main_only,100644,blob,9cbfbcfaa2f6831fc996d8b2f875136424672f91,,,
Docs/archive/2026-10-04_issi-nummernplan-rbac-und-vergaberichtlinie.md,main_only,100644,blob,db9f01e6c0cba5b2fe37cf2e6624c1242529421a,,,
Docs/archive/2026-10-04_mobile-tbs-koax-antennen-und-3d-druck-rf-patchpanel.md,main_only,100644,blob,bc831bb4e6de6232e8b555548f95e1f1f6e97f11,,,
Docs/archive/2026-10-04_netcore-rebranding-startbanner-stack-version-und-projektbeschreibung.md,main_only,100644,blob,a2065cfcab27e00c855f3768eaca9326f35bac80,,,
Docs/archive/2026-10-04_netcore-tetra-zkn-webseitenstruktur-subdomain-und-portale.md,main_only,100644,blob,76c6d666ac4558ad039b38f1413c5c154c8b322b,,,
Docs/archive/2026-10-04_pocsag-versus-lora-alarmierung-argumente-und-faktenkorrektur.md,main_only,100644,blob,bf65a9cbdd70fb3aafbb0e169e4cf4f4a2a5ca9b,,,
Docs/archive/2026-10-04_recorder-lxc-edge-fallback-echtzeit-und-buildfehler.md,main_only,100644,blob,c6e1be683435cd21535f69a63c069711f9714462,,,
Docs/archive/2026-10-04_rtw-statussynchronisation-issi-opta-und-leitstellenrueckmeldung.md,main_only,100644,blob,037f3de8a4026bb357acb47e763a6e7b5b68ed70,,,
Docs/archive/2026-10-04_support-mailadressen-level-l0-l4-und-sla-abgrenzung.md,main_only,100644,blob,430363420b1c3b600b592e589ec7979310f01f2a,,,
Docs/archive/2026-10-04_swmi-foundation-mobility-core-lxc-open-lab.md,main_only,100644,blob,bfa13898174f6c90aa0c30fc4183a0a67ffd6f88,,,
Docs/archive/2026-10-04_sxceiver-soapysx-trixie-libgpiod-build-reparatur.md,main_only,100644,blob,21ebc22b5c6ef3cdbcf726f2d323f3f912de0c35,,,
Docs/archive/2026-10-04_tetra-basisstation-konfiguration-und-phy-grundlagen.md,main_only,100644,blob,28fde6b976dda761a003374d070eaa81bca24beb,,,
Docs/archive/2026-10-04_tetra-fachbuch-canvas-normen-und-korrekturbedarf.md,main_only,100644,blob,08eca4d4d58fb14aa3b82b72c697e5b306331b26,,,
Docs/archive/2026-10-04_werma-signalleuchte-api-relais-pi-und-bootanzeige.md,main_only,100644,blob,3dbc46f01d805f23cb28c62c622ccb86899120d7,,,
Docs/archive/2026-10-04_zebra-handheld-basisstation-und-inventar-webui.md,main_only,100644,blob,1d36c595cc1249b71c8bed9b85cc479ffb8a7b41,,,
Docs/archive/2026-10-05_android-tetra-modul-virtueller-airlink-und-realtime-core.md,main_only,100644,blob,2a952555ab8c296bb01218ecb9a81048c3398e43,,,
Docs/archive/2026-10-05_antennenposition-mastkopf-quertraeger-und-3d-druck-adapter.md,main_only,100644,blob,78d696a78f6acbc62c00f99725766139cfdb8905,,,
Docs/archive/2026-10-05_basisstation-clean-install-sxceiver-soapysx-sndcp-healthchecks.md,main_only,100644,blob,c32c4d3c8f68ad47c56a519a7ee005e3a26bf74c,,,
Docs/archive/2026-10-05_basisstation-gpio-breakout-jumper-steuerung-sxceiver.md,main_only,100644,blob,7b88a267c2dbdd7863dcbb55688ae5b81cf64638,,,
Docs/archive/2026-10-05_bpi-r4-netcore-tetra-router-5g-wifi7-sbc.md,main_only,100644,blob,4954ebf43554a3f6cad53f36ece20d0dff4589ad,,,
Docs/archive/2026-10-05_brew-server-integration-protokolladapter-und-core-zustaendigkeiten.md,main_only,100644,blob,5d143ea5ee64da3a97d3a2c0e0b517ff5347a626,,,
Docs/archive/2026-10-05_deployment-vm-tbs-imagebuilder-und-auto-discovery.md,main_only,100644,blob,f92982b5f487a0e61a906bef14aff8d6ea5c0a64,,,
Docs/archive/2026-10-05_ein-pi-ein-sxceiver-dritter-carrier-mit-eigenem-mcc-mnc.md,main_only,100644,blob,4f2ba7c3cfbdb990cc37d7b00dbe710066582fbb,,,
Docs/archive/2026-10-05_handbuch-schreiben-25-baende-einleitungen-und-ausleitungen.md,main_only,100644,blob,5a6f9f1fd69557c810a78663c237f89fd450984a,,,
Docs/archive/2026-10-05_home-assistant-proxmox-mqtt-sds-diagnose.md,main_only,100644,blob,3a3a79d1fdbccd172822c5c24683757846c0c93e,,,
Docs/archive/2026-10-05_installationsanleitung-ab-null-tbs02-build-sdr-systemd.md,main_only,100644,blob,09dd82c88871b89b65be012244b4da3500214d41,,,
Docs/archive/2026-10-05_main-kompatibler-rf-pfad-pi-neuinstallation-sxceiver-und-swmi-fallback.md,main_only,100644,blob,3d42385e76a81277e6145d9ee95604eacdafd78c,,,
Docs/archive/2026-10-05_media-library-tts-archivierung-basisstations-playout-und-ip-gateway-routing.md,main_only,100644,blob,7722166a88965b4885dd3ce714abca5a12ee60f2,,,
Docs/archive/2026-10-05_mobiles-4he-rack-sophos-proxmox-core-wlan-und-dect.md,main_only,100644,blob,e85eea1b36cf9fb3b488d9b491bed733a71207ff,,,
Docs/archive/2026-10-05_motorola-cps-wap-browser-konfiguration.md,main_only,100644,blob,f94fbad82f828747707e472502151076ec748764,,,
Docs/archive/2026-10-05_netcore-dispatch-idecs-arbeitsplatz-rbac-audio-und-adaptive-ui.md,main_only,100644,blob,6103bfbff8ebee4fb6ab88d3d510d87c788ed897,,,
Docs/archive/2026-10-05_sepura-scg2229-import-zoll-bnetza-iza.md,main_only,100644,blob,be723aa7338aafd5491d1348c520d027901be35b,,,
Docs/archive/2026-10-05_snipeit-nfc-assetops-android-geraeteausgabe.md,main_only,100644,blob,a23d576622a27496f88a157b2b4544ceb6ecd49b,,,
Docs/archive/2026-10-05_sxceiver-gpio-sensorik-tft-und-modularer-hardwareausbau.md,main_only,100644,blob,02a4421c1c6f94eff8ed3a9af4e3c3b48cde8cfa,,,
Docs/archive/2026-10-05_virtuelle-tbs-funkgeraete-simair-handover-testlabor.md,main_only,100644,blob,600944d997f0f48f93c683ad9f4fa244826042b5,,,
Docs/archive/2026-10-05_wap-portal-xhtml-wml-und-rust-testfehler.md,main_only,100644,blob,c3916d398bacfed0353e9f5178283a89106d5065,,,
Docs/archive/2026-10-06_bost-flowstation-seamless-handover-mehrzellen-restore-und-portierungsanalyse.md,main_only,100644,blob,e2e5ce75908186f19b5d2c239170c1a10009983c,,,
Docs/archive/2026-10-06_discovery-bat-rollout-proxmox-fortsetzung-und-freepbx-zugang.md,main_only,100644,blob,5e1c69dd7ae36be4103777550bb6158441446562,,,
Docs/archive/2026-10-06_flowstation-bluestation-erweiterungsideen-mqtt-cyd-mmi-sds-dgna-geoalarm.md,main_only,100644,blob,6585bca10ad58d8d7ccbc325ab8077c89f64aa06,,,
Docs/archive/2026-10-06_kicad-dual-baseboard-230v-schaltplan-pcb-und-footprints.md,main_only,100644,blob,f31cc855312c8d11a3176bb506f0d9560ae734a6,,,
Docs/archive/2026-10-06_netcore-academy-moodle-kurssystem-noob-bis-bitdecoder.md,main_only,100644,blob,86a2a276722bb2d7ea51261c0fe8f6f8744ec273,,,
Docs/archive/2026-10-06_netcore-drive-iam-browser-plugins-gesamtroadmap-und-gruppensteuerung.md,main_only,100644,blob,4ae30c59939d51585b9e4ff2f32a1d2ce7d6e15c,,,
Docs/archive/2026-10-06_netcore-tetra-systemhandbuch-400-seiten-abschluss.md,main_only,100644,blob,120a03d01ade0ef9f1833555b8addb5d462cc087,,,
Docs/archive/2026-10-06_netcore-ui-redesign-basisstation-dienste-rf-dark-mode-und-builddiagnose.md,main_only,100644,blob,3985af4083f83f1e31d7d994d52f7603a723e13c,,,
Docs/archive/2026-10-06_observability-syslog-discovery-nfs-logarchivierung.md,main_only,100644,blob,3cde208ac99c965dbd0b7c3d206b7b998b551543,,,
Docs/archive/2026-10-06_pi5-ai-hat-plus-2-sxceiver-optionale-ki-basisstation.md,main_only,100644,blob,53ae0d7b7396e4d94ce856c7d9b3ee1d079e2951,,,
Docs/archive/2026-10-06_raspberry-pi-openvpn-autoverbindung-vertrauenswuerdige-netze.md,main_only,100644,blob,e0ad3150aa92df679db7fabf5de32d35628b89e7,,,
Docs/archive/2026-10-06_raspberry-pi-os-openvpn-client-gui-und-autostart.md,main_only,100644,blob,a23ac5ecf91fdef9970228407d8e3e51f5fc0d60,,,
Docs/archive/2026-10-06_rereg-netzlast-zentraler-sip-switch-freepbx-cli-und-release.md,main_only,100644,blob,5a2477a422401b0956699422142a072b3a1d4718,,,
Docs/archive/2026-10-06_roadmap-ui-dark-mode-zentrale-rbac-und-cmce-restore.md,main_only,100644,blob,8efeffd45319f47b21279666a98e798660e85af2,,,
Docs/archive/2026-10-06_sxceiver-led-beobachtung-gpio-pinbelegung-und-live-diagnose.md,main_only,100644,blob,34d2216fd3a57d0227078a0f6f33e2def075566b,,,
Docs/archive/2026-10-06_tbs-container-updates-katwarn-reparaturen-release-und-brancharchiv.md,main_only,100644,blob,7cc9b222fb6f682f09dcf03a0b567723758eaea4,,,
Docs/archive/Futuristische Netzwerkpräsentation mit globaler Vernetzung.png,main_only,100644,blob,a7c6844dea5daf1efa12ab3c23cbb1603ee6b40d,,,
Docs/archive/Futuristischer NetCore-Tetra Operations-Ordner.png,main_only,100644,blob,c6f0866c4aa0c7c7def0510eb8b21a629fa74af0,,,
Docs/archive/Futuristisches digitales NetCore Wallpaper.png,main_only,100644,blob,82b0824f1adefb8d1a9e6981b0f00b2e16320534,,,
Docs/archive/NetCore-Tetra Unternehmenshandbuch Präsentation.png,main_only,100644,blob,1fa655a415863659ee65877dcf28f18318c6e4be,,,
Docs/archive/NetCore-Tetra operations binder Präsentation.png,main_only,100644,blob,832649389d87209d865a9f6a2f004e9c9dcad934,,,
Docs/archive/NetCore-Tetra_ digital. dezentral. skalierbar.png,main_only,100644,blob,49d7f40f127265fdc006f1fa71a78fc2dc21ab0d,,,
Docs/archive/NetCore-Tetra_ digitale Vernetzung der Zukunft.png,main_only,100644,blob,4200635f2c066287df9d13dd1c27f04a0d65a6aa,,,
Docs/archive/NetCore-Tetra_ vernetztes digitales Universum.png,main_only,100644,blob,c1abdd0c7bba9e30cd22133d4b7893cf8b697c36,,,
Docs/archive/README.md,main_only,100644,blob,ee23149b99fe26c23c5ccb6750a828f583fd29e7,,,
Docs/archive/Taktischer Operationshandbuch_ NETCORE TETRA.png,main_only,100644,blob,d1e7ea534c6ad3829bfe3ee715eb22c8149ce939,,,
Docs/archive/assets/2026-10-03_netcore-tetra-aktenordner-design/01_gold-generisch-verworfen-vorschau.webp,main_only,100644,blob,642623b6df27a470e6a842cafc7e16af6700f29f,,,
Docs/archive/assets/2026-10-03_netcore-tetra-aktenordner-design/06_logo-original-vorschau.webp,main_only,100644,blob,42f28f8505f9709390b73623281712d7d83b8168,,,
Docs/archive/assets/2026-10-03_netcore-tetra-aktenordner-design/07_motorola-referenz-zugeschnitten-vorschau.webp,main_only,100644,blob,98d6d5e7821dbc277a9dd880b5f704f9f1a63ec7,,,
Docs/archive/assets/2026-10-03_netcore-tetra-aktenordner-design/asset-manifest.json,main_only,100644,blob,ea4c6676f8917346065ee060ab9a344152728227,,,
Docs/archive/assets/2026-10-03_netcore-tetra-aktenordner-design/pdf-inventar.tsv,main_only,100644,blob,f5b65c10d36f469dc24835530bda5f44ca95dd65,,,
Docs/archive/assets/2026-10-04_mobile-tbs-koax-antennen-und-patchpanel/01_rf-patchpanel-konzept-alte-masse.png,main_only,100644,blob,bacf36f4af9263f204c8905f9f6cd25fe6e33045,,,
Docs/archive/assets/2026-10-04_mobile-tbs-koax-antennen-und-patchpanel/02_rf-patchpanel-alternative-konzeptzeichnung.png,main_only,100644,blob,239c7f6264a5ba234e621c78a65715f545baf89b,,,
Docs/archive/assets/2026-10-04_mobile-tbs-koax-antennen-und-patchpanel/03_rf-io-patchpanel-layoutkonzept.png,main_only,100644,blob,8388c8a64af9cbac1b9494a747d3446a0cbeca94,,,
Docs/archive/assets/2026-10-04_mobile-tbs-koax-antennen-und-patchpanel/3MF_Validierung.json,main_only,100644,blob,44df99d6b32333357ba9783c368740e8ce715c16,,,
Docs/archive/assets/2026-10-04_mobile-tbs-koax-antennen-und-patchpanel/Geometriepruefung.json,main_only,100644,blob,e5b2c81dcc79d8c85c73d43ae5fb2f51465bd8f8,,,
Docs/archive/assets/2026-10-04_mobile-tbs-koax-antennen-und-patchpanel/Lochkoordinaten_mm.csv,main_only,100644,blob,3c161d0c263045ef1100494a7bd05cfe63732f94,,,
Docs/archive/assets/2026-10-04_mobile-tbs-koax-antennen-und-patchpanel/NetCore_Tetra_Patchpanel_3MF_Paket.zip,main_only,100644,blob,f2cfe40821134a0f0d9f90674371e7bf1ffbfd2c,,,
Docs/archive/assets/2026-10-04_mobile-tbs-koax-antennen-und-patchpanel/NetCore_Tetra_Patchpanel_A1_Mehrfarbig.3mf,main_only,100644,blob,1dd42d4e6f62dff0e858bcb5c0301a95085a1eab,,,
Docs/archive/assets/2026-10-04_mobile-tbs-koax-antennen-und-patchpanel/README_Druck_und_Montage.md,main_only,100644,blob,cdfafbe15744cfa8ae5437d2eca9b064e30bf2d5,,,
Docs/archive/assets/2026-10-04_mobile-tbs-koax-antennen-und-patchpanel/ZUERST_DRUCKEN_Neutrik_Passformtest.3mf,main_only,100644,blob,ff005148223444d802d112229263a61e73475591,,,
Docs/archive/assets/2026-10-04_mobile-tbs-koax-antennen-und-patchpanel/asset-manifest.json,main_only,100644,blob,3bf91bcb2d3203f9aeb9d9deba2bff0b2fd6e55b,,,
Docs/archive/assets/2026-10-04_recorder-lxc/guide-architecture.png,main_only,100644,blob,c15816a1409ae7adc7c8cb2fc2e5679f7bb5b9d6,,,
Docs/archive/assets/2026-10-04_recorder-lxc/guide-deployment.png,main_only,100644,blob,09a70a2ddb421ab012809bb43ee4083d4e1d28a1,,,
Docs/archive/assets/2026-10-04_recorder-lxc/guide-fallback.png,main_only,100644,blob,e45965d91b8e816f77e40f0c55fb4db28c42037b,,,
Docs/archive/assets/2026-10-05_antennenposition-mastkopf-quertraeger/01_antennenposition_mast.jpg,main_only,100644,blob,bee8537665ba05b2484bb5ace8dae6ce42c3e37e,,,
Docs/archive/assets/2026-10-05_antennenposition-mastkopf-quertraeger/02_metalladapter_spigot.jpg,main_only,100644,blob,13677b6639cefde01c124a66cf2eb602992f1dc5,,,
Docs/archive/assets/2026-10-05_antennenposition-mastkopf-quertraeger/03_mastkopf_aufnahme.jpg,main_only,100644,blob,ee86f43e63cf1303b0738dec85444d49c8e02ff6,,,
Docs/archive/assets/2026-10-05_antennenposition-mastkopf-quertraeger/04_metalladapter_im_mastkopf.jpg,main_only,100644,blob,fc6c72b1a226fd970d624d54c21e09f9c6cdb879,,,
Docs/archive/assets/2026-10-05_basisstation-clean-install-sxceiver-soapysx-sndcp-healthchecks/eingefuegter-text-21.txt,main_only,100644,blob,65e36e8485a62aefde46a8f9adb42ca69a74b851,,,
Docs/archive/assets/2026-10-05_basisstation-clean-install-sxceiver-soapysx-sndcp-healthchecks/systemdienste-fallback-subscriber-media-library.jpg,main_only,100644,blob,7b9320be96e8d153e99d3accca9c60a67657583a,,,
Docs/archive/assets/2026-10-05_eigenes-idecs-6aa5e838/01-idecs-referenz-ansicht.png,main_only,100644,blob,3e9e2984c98e550184f532d8cd8c5956e72089a1,,,
Docs/archive/assets/2026-10-05_eigenes-idecs-6aa5e838/02-idecs-referenz-ansicht.png,main_only,100644,blob,a9afe1c93008c25fcc4a649995f9574e3d76872c,,,
Docs/archive/assets/2026-10-05_eigenes-idecs-6aa5e838/03-idecs-referenz-ansicht.png,main_only,100644,blob,f85318ac3f162996f51ec8e234cb4cf474ade84d,,,
Docs/archive/assets/2026-10-05_eigenes-idecs-6aa5e838/04-idecs-referenz-ansicht.png,main_only,100644,blob,8f1f900a2350207a37ce0f1967305a4e2cb0715d,,,
Docs/archive/assets/2026-10-05_eigenes-idecs-6aa5e838/05-idecs-referenz-ansicht.png,main_only,100644,blob,f42cb80d7927a6afbeded66f5600e3af50d9f011,,,
Docs/archive/assets/2026-10-05_eigenes-idecs-6aa5e838/06-idecs-referenz-ansicht.png,main_only,100644,blob,74effce51b6e13eb2eb8acf4a4a7706a4b6b9688,,,
Docs/archive/assets/2026-10-05_eigenes-idecs-6aa5e838/07-idecs-referenz-ansicht.png,main_only,100644,blob,7391208fec1dcc40cd36ece59be40958eb2f1041,,,
Docs/archive/assets/2026-10-05_eigenes-idecs-6aa5e838/08-idecs-referenz-ansicht.png,main_only,100644,blob,28b28d592b02fc73a2b9f6497382a47cb3227ea1,,,
Docs/archive/assets/2026-10-05_eigenes-idecs-6aa5e838/09-idecs-referenz-ansicht.png,main_only,100644,blob,1c14a5d585038c9d33c5c2013ffe57f9903d15f5,,,
Docs/archive/assets/2026-10-05_eigenes-idecs-6aa5e838/10-idecs-referenz-ansicht.png,main_only,100644,blob,736d1c798b066b8b33181af1adf9024defcbf195,,,
Docs/archive/assets/2026-10-05_eigenes-idecs-6aa5e838/11-idecs-referenz-ansicht.png,main_only,100644,blob,88d93ade03659244ef92f09199a78c43751782d1,,,
Docs/archive/assets/2026-10-05_eigenes-idecs-6aa5e838/12-idecs-referenz-ansicht.png,main_only,100644,blob,56c4131926e6a36e7b7626fabe47235b344d177a,,,
Docs/archive/assets/2026-10-05_eigenes-idecs-6aa5e838/13-idecs-referenz-ansicht.png,main_only,100644,blob,18bacc5abb072e17492cd66bfed2a67eccc50370,,,
Docs/archive/assets/2026-10-05_eigenes-idecs-6aa5e838/14-idecs-referenz-ansicht.png,main_only,100644,blob,d8ec50312919051ab636a820e0ea2d5bb8b2f011,,,
Docs/archive/assets/2026-10-05_eigenes-idecs-6aa5e838/15-idecs-referenz-ansicht.png,main_only,100644,blob,f9d7879ad30cacfff29642f495e6ebef8b49fc3a,,,
Docs/archive/assets/2026-10-05_eigenes-idecs-6aa5e838/16-idecs-referenz-ansicht.png,main_only,100644,blob,1996aca87d49717ef68add2ef892c93b791af25c,,,
Docs/archive/assets/2026-10-05_eigenes-idecs-6aa5e838/17-idecs-referenz-ansicht.png,main_only,100644,blob,b24378ca0b9959de47d060ed6d5cd62516e5fb35,,,
Docs/archive/assets/2026-10-05_eigenes-idecs-6aa5e838/18-idecs-referenz-ansicht.png,main_only,100644,blob,bf0851e35ddb629f7d314efe839a1deaf9bc0c55,,,
Docs/archive/assets/2026-10-05_eigenes-idecs-6aa5e838/19-idecs-referenz-ansicht.png,main_only,100644,blob,2eadfd02a39abe85879cb93997690a0a150b9719,,,
Docs/archive/assets/2026-10-05_eigenes-idecs-6aa5e838/20-idecs-referenz-ansicht.png,main_only,100644,blob,5276559d3d88029140289c72545c6af595ff219a,,,
Docs/archive/assets/2026-10-05_eigenes-idecs-6aa5e838/21-idecs-referenz-ansicht.png,main_only,100644,blob,bb3bc894b9f7a8c22885a144bd0ef456ba9278c1,,,
Docs/archive/assets/2026-10-05_eigenes-idecs-6aa5e838/22-idecs-referenz-ansicht.png,main_only,100644,blob,ed62787b29c5cd4949edd7646739646d16f70c40,,,
Docs/archive/assets/2026-10-05_eigenes-idecs-6aa5e838/23-idecs-referenz-ansicht.png,main_only,100644,blob,fda45897d6cef15e99c67b140d2ee5805ed5da31,,,
Docs/archive/assets/2026-10-05_eigenes-idecs-6aa5e838/24-idecs-referenz-ansicht.png,main_only,100644,blob,e26f3c21b0ec57a43e406e6d6549540b9df0d76f,,,
Docs/archive/assets/2026-10-05_eigenes-idecs-6aa5e838/25-idecs-referenz-ansicht.png,main_only,100644,blob,147cd1250763c0c1ffb541487645c194f94ea366,,,
Docs/archive/assets/2026-10-05_eigenes-idecs-6aa5e838/26-idecs-referenz-ansicht.png,main_only,100644,blob,51ff57c268e05dbf636c38595a0b2d05664c1975,,,
Docs/archive/assets/2026-10-05_eigenes-idecs-6aa5e838/27-idecs-referenz-ansicht.png,main_only,100644,blob,6c1f8c0b4dfdfe7c489520005620c18ef7bfa678,,,
Docs/archive/assets/2026-10-05_eigenes-idecs-6aa5e838/28-idecs-referenz-ansicht.png,main_only,100644,blob,1ae8999f1166111a5f4abd33c7025db7a127daa4,,,
Docs/archive/assets/2026-10-05_eigenes-idecs-6aa5e838/29-idecs-referenz-ansicht.png,main_only,100644,blob,d3e3dac83aaed60178dd8c57937fdf74b4828598,,,
Docs/archive/assets/2026-10-05_eigenes-idecs-6aa5e838/30-idecs-referenz-ansicht.png,main_only,100644,blob,5fe2b58b7ff06aa6bc9a43ecb5833641a3d10710,,,
Docs/archive/assets/2026-10-05_eigenes-idecs-6aa5e838/31-netcore-dashboard-entwurf-ansicht.png,main_only,100644,blob,2278f3ed1c218400b5f6963da4fd623a5471e3f4,,,
Docs/archive/assets/2026-10-05_eigenes-idecs-6aa5e838/32-netcore-funk-entwurf-ansicht.png,main_only,100644,blob,0bf441d52443c43b06643f1f9a808bd06862a80a,,,
Docs/archive/assets/2026-10-05_eigenes-idecs-6aa5e838/manifest.json,main_only,100644,blob,8b884649c3e425b84e11dcd2d3944f8afbf83019,,,
Docs/archive/assets/2026-10-05_gpio-breakout-jumper/01_osoyoo-breakout-board.svg,main_only,100644,blob,6130c54e9ded457ef6bd62269da7baff3ed4b863,,,
Docs/archive/assets/2026-10-05_gpio-breakout-jumper/02_freenove-breakout-board.svg,main_only,100644,blob,4c195ed8feedf11741352b8d6cc4c41158109db7,,,
Docs/archive/assets/2026-10-05_gpio-breakout-jumper/03_freenove-stacked-on-pi.svg,main_only,100644,blob,c3f466f8cb5858b11dbff2674bd2a80bf99016e3,,,
Docs/archive/assets/2026-10-05_homeassistant-mqtt-sds/01-vm-bootfehler-ansicht.jpg,main_only,100644,blob,5ef36a07c69aacba6d93c4463972274a3f3e6942,,,
Docs/archive/assets/2026-10-05_homeassistant-mqtt-sds/02-proxmox-vm148-hardware-ansicht.jpg,main_only,100644,blob,03c895e01ccb3743b800ddb756430e0858ae8dcb,,,
Docs/archive/assets/2026-10-05_homeassistant-mqtt-sds/03-homeassistant-laeuft-ansicht.jpg,main_only,100644,blob,8360be278c477cc2489070c7c2affe4a82a3f9a9,,,
Docs/archive/assets/2026-10-05_homeassistant-mqtt-sds/04-mqtt-vier-geraete-acht-entitaeten-ansicht.jpg,main_only,100644,blob,96bd4619ca406b3f604140a5f1b86da66d6cee3b,,,
Docs/archive/assets/2026-10-05_homeassistant-mqtt-sds/05-ha-sds-topic-leer.png,main_only,100644,blob,8bfb21f9f53e042968fa57131c19b01c3a2e55ad,,,
Docs/archive/assets/2026-10-05_homeassistant-mqtt-sds/06-tbs-sds-empfang.png,main_only,100644,blob,3e63017c56a375ed3d5fa9049d00ba1ccf9418ea,,,
Docs/archive/assets/2026-10-05_homeassistant-mqtt-sds/07-iot-gateway-outbox.png,main_only,100644,blob,53f6d5d65135ae856f44a0037e905e2da10fee2f,,,
Docs/archive/assets/2026-10-05_homeassistant-mqtt-sds/README.md,main_only,100644,blob,dd8f8b7dcb04a79ffdff4c348a22971b4ba7d345,,,
Docs/archive/assets/2026-10-05_installation-ab-null-tbs02/laufzeit-20260912-bereinigt.txt,main_only,100644,blob,fe847ffd5c6e12b220297d7a77ca8053f323b4a2,,,
Docs/archive/assets/2026-10-05_installation-ab-null-tbs02/provenienz.json,main_only,100644,blob,ad177b2db0a5d37f7083e22644509eec0cfe8ff2,,,
Docs/archive/assets/2026-10-05_ip-gateway-fallback-timeout.png,main_only,100644,blob,d9b0cd2c17d6e5b78657886f4f45b3262b82ab67,,,
Docs/archive/assets/2026-10-05_media-library-aussendung-shadow-ui.png,main_only,100644,blob,271898a669495e5ef7409a8629da4bc1ff143e4a,,,
Docs/archive/assets/2026-10-05_motorola-cps-wap-browser/motorola-cps-wap-screenshots.svg,main_only,100644,blob,45959dfec98b3a15fb47cc60d252ba3cc91375df,,,
Docs/archive/assets/2026-10-05_scg2229-import/01_chatbilder_01-03.webp,main_only,100644,blob,7be0a6731c8ab06f9b80391d141cac4243a1de39,,,
Docs/archive/assets/2026-10-05_scg2229-import/02_chatbilder_04-06.webp,main_only,100644,blob,7e084768eb0d5748dd886213edd925c7dbe74778,,,
Docs/archive/assets/2026-10-05_scg2229-import/03_chatbilder_07-09.webp,main_only,100644,blob,2ed64a13fa513f1be0b6189a1bed408d50da446a,,,
Docs/archive/assets/2026-10-05_scg2229-import/04_chatbilder_10-12.webp,main_only,100644,blob,0716071c7ffc3877d52d8bd4cc3b0a1ed90c2beb,,,
Docs/archive/assets/2026-10-05_scg2229-import/05_chatbilder_13-15.webp,main_only,100644,blob,9d39817029def0b0e8149d3ed82c94cbd0c2a325,,,
Docs/archive/assets/2026-10-06_kicad-dual-baseboard-230v/.gitattributes,main_only,100644,blob,fa1385d99a319b43c06f5309d1aae9fdd3adea46,,,
Docs/archive/assets/2026-10-06_kicad-dual-baseboard-230v/NetCore-Tetra-Dual-Baseboard-KiCad-v0.1.1.zip,main_only,100644,blob,48e7ba692b3dd3cc19f31ae80f2a6a0068cb837a,,,
Docs/archive/assets/2026-10-06_kicad-dual-baseboard-230v/NetCore-Tetra-Dual-Baseboard-KiCad-v0.2.zip,main_only,100644,blob,b773030a29a84bcf2720ab71f633b6da5d86475d,,,
Docs/archive/assets/2026-10-06_kicad-dual-baseboard-230v/NetCore-Tetra-v0.3.3-230V.kicad_pcb,main_only,100644,blob,96982d942c9c5611279c4da8776d2d7c3a5cc994,,,
Docs/archive/assets/2026-10-06_kicad-dual-baseboard-230v/NetCore-Tetra-v0.3.3-230V.kicad_sch,main_only,100644,blob,f369dd8cb599693b38f03d03c701ceea8be0480a,,,
Docs/archive/assets/2026-10-06_kicad-dual-baseboard-230v/Pi_SXceiver_Wiring.png,main_only,100644,blob,a4e080fdade513642299c01a33affb976a6207c0,,,
Docs/archive/assets/2026-10-06_kicad-dual-baseboard-230v/SHA256SUMS,main_only,100644,blob,5a59d714772a19ff8bdfa598526f5383ee654055,,,
Docs/archive/assets/2026-10-06_kicad-dual-baseboard-230v/architecture.png,main_only,100644,blob,4bf460d5afc072f7ce576cb2f47038982780a6bb,,,
Docs/archive/assets/2026-10-06_kicad-dual-baseboard-230v/board_floorplan.png,main_only,100644,blob,8551a89cdafdd927bd9b6caf7a6f3a44d2404215,,,
Docs/archive/assets/2026-10-06_kicad-dual-baseboard-230v/chat-image-01.png,main_only,100644,blob,7414aa7814b04480be8d6a5b9aaea47d0c8fd827,,,
Docs/archive/assets/2026-10-06_kicad-dual-baseboard-230v/chat-image-02.png,main_only,100644,blob,576014e51f585392cc91837c21330b6961ea82e3,,,
Docs/archive/assets/2026-10-06_kicad-dual-baseboard-230v/chat-image-03.png,main_only,100644,blob,f96bd10524f3f992f0592fa9b192d1cef19d6b26,,,
Docs/archive/assets/2026-10-06_kicad-dual-baseboard-230v/chat-image-04.png,main_only,100644,blob,ff60884a55bf6334a17a07ffab271daea54dee5d,,,
Docs/archive/assets/2026-10-06_kicad-dual-baseboard-230v/chat-image-05.png,main_only,100644,blob,139613620b8c29863b7efe67cdda0a250e0ac33a,,,
Docs/archive/assets/2026-10-06_kicad-dual-baseboard-230v/chat-image-06.png,main_only,100644,blob,992efbf26de3aed002435d2feb2703a94efb98cf,,,
Docs/archive/assets/2026-10-06_kicad-dual-baseboard-230v/chat-image-07.png,main_only,100644,blob,c1f7e931fd8640d9a3369e1da5d817e5d4dc6751,,,
Docs/archive/assets/2026-10-06_kicad-dual-baseboard-230v/manifest.json,main_only,100644,blob,e8fc5ce900517fb61a868e968fa203f79ec280b4,,,
Docs/archive/assets/2026-10-06_kicad-dual-baseboard-230v/native-drc-20261006.json,main_only,100644,blob,b7f9185179522168ab95a0f18af7f30385868327,,,
Docs/archive/assets/2026-10-06_kicad-dual-baseboard-230v/native-erc-20261006.json,main_only,100644,blob,ca2b5c2ee965c26e2a42e8c8b13e342f02f2968c,,,
Docs/archive/assets/2026-10-06_kicad-dual-baseboard-230v/native-netlist-comparison-20261006.json,main_only,100644,blob,c1f23af7ebaab588e634a91114696a8f198f9eb2,,,
Docs/archive/assets/2026-10-06_netcore-academy/NetCore_Academy_Kursinhalte.zip,main_only,100644,blob,cc6ee27d308b2c22b37f0346af627665b2ce0b19,,,
Docs/archive/assets/2026-10-06_netcore-academy/NetCore_Academy_Kurssystem.html,main_only,100644,blob,ae7614a49b8b96240d1551f8f288bdfb98d132fd,,,
Docs/archive/assets/2026-10-06_netcore-academy/NetCore_Academy_Kurssystem.pdf,main_only,100644,blob,846ef8b30ddc7490f743e7bb1b035adfffa3c178,,,
Docs/archive/assets/2026-10-06_netcore-academy/README.md,main_only,100644,blob,4ffd3a37b3b96590e22b3bcc65dd01f1220b4a80,,,
Docs/archive/assets/2026-10-06_netcore-academy/SHA256SUMS,main_only,100644,blob,f5c8f2833e37830dda78170b768fa53edd4cf1fe,,,
Docs/archive/assets/2026-10-06_netcore-academy/bilder/detail-117.png,main_only,100644,blob,c01427b79b654f966118546458fc7885e2eb19b8,,,
Docs/archive/assets/2026-10-06_netcore-academy/bilder/detail-128.png,main_only,100644,blob,278d2caf9c25488f61a0fc5bce3ce49c6c3f340e,,,
Docs/archive/assets/2026-10-06_netcore-academy/bilder/detail-129.png,main_only,100644,blob,4bb8a768255fe633c8d1c129573d4e66f1314fb3,,,
Docs/archive/assets/2026-10-06_netcore-academy/bilder/kontakt-01.png,main_only,100644,blob,018df5fc92912b7bad4314c29aa868f01ab697f6,,,
Docs/archive/assets/2026-10-06_netcore-academy/bilder/kontakt-02.png,main_only,100644,blob,681c9578968722ce8d76b75f1f91eb2b2916d2ea,,,
Docs/archive/assets/2026-10-06_netcore-academy/bilder/kontakt-03.png,main_only,100644,blob,0bc34db708ce4d40c2029c56cdff5ca68ac7b402,,,
Docs/archive/assets/2026-10-06_netcore-academy/bilder/kontakt-04.png,main_only,100644,blob,fc637146a5f4ffa8dfbcbdf4356dab5c1366cce6,,,
Docs/archive/assets/2026-10-06_netcore-academy/bilder/kontakt-05.png,main_only,100644,blob,c9054c54961e1d6731f5d312507d7b5a7058b135,,,
Docs/archive/assets/2026-10-06_netcore-academy/bilder/kontakt-06.png,main_only,100644,blob,d8f0354efe01be4e23ebbbb5992779631e942b0d,,,
Docs/archive/assets/2026-10-06_netcore-academy/bilder/kontakt-07.png,main_only,100644,blob,79036ef677d1867a89ff73695868b88f6daf60d9,,,
Docs/archive/assets/2026-10-06_netcore-academy/bilder/kontakt-08.png,main_only,100644,blob,dc4a153057382c3086df51ac8c17b744d9d1db34,,,
Docs/archive/assets/2026-10-06_netcore-academy/bilder/kontakt-09.png,main_only,100644,blob,f5c398bcafc2bdb59f6f92f5524b6b5a1e59eafc,,,
Docs/archive/assets/2026-10-06_netcore-academy/bilder/kontakt-10.png,main_only,100644,blob,b2b7730d561778687b907efa994bd22ff2e4b6bb,,,
Docs/archive/assets/2026-10-06_netcore-academy/bilder/kontakt-11.png,main_only,100644,blob,e22e0edd6d2ef135f5df04fd3364aedc425b4ef9,,,
Docs/archive/assets/2026-10-06_netcore-academy/bilder/kontakt-12.png,main_only,100644,blob,91b9f83cd08a6591a5edd2e7f9a4ea86cb22dfcc,,,
Docs/archive/assets/2026-10-06_netcore-academy/bildmanifest.json,main_only,100644,blob,ab5306642aaa9386dd1db66f6f76d0ce825ae329,,,
Docs/archive/assets/2026-10-06_netcore-academy/laborergebnisse-2026-10-06.json,main_only,100644,blob,9b82f62858fb743884304d71a038ed894856ca42,,,
Docs/archive/assets/2026-10-06_netcore-academy/pruefbericht-2026-10-06.json,main_only,100644,blob,c796fa00a54ba5d2096a3b4d825034dc5de0835e,,,
Docs/archive/assets/2026-10-06_netcore-academy/quelleninventar.json,main_only,100644,blob,303e8de1c3b6a6551dc98a78776366d4d34fb76d,,,
Docs/archive/assets/2026-10-06_netcore-ui-redesign/001-tetra-basisstation-im-uberblick.png,main_only,100644,blob,facb86a7cc7225409e5f5a1c0c775320f148c95a,,,
Docs/archive/assets/2026-10-06_netcore-ui-redesign/002-netzkarte-mit-basisstationen-und-funkgeraten.png,main_only,100644,blob,83aaf53da02185eb12fa4c50811276237aa8922f,,,
Docs/archive/assets/2026-10-06_netcore-ui-redesign/003-anmeldung-an-der-tetra-basisstation.png,main_only,100644,blob,0afbf1469479be52bdcae05103add9b437902318,,,
Docs/archive/assets/2026-10-06_netcore-ui-redesign/004-funkgerateverwaltung-im-tetra-leitstand.png,main_only,100644,blob,4d363fa2f63656fee70d41cf111cdd455329af5e,,,
Docs/archive/assets/2026-10-06_netcore-ui-redesign/005-systemzustand-der-tetra-basisstation.png,main_only,100644,blob,efc28e59a9ca69bfdf18f10006d0a93e2a38c967,,,
Docs/archive/assets/2026-10-06_netcore-ui-redesign/006-live-log-der-tetra-basisstation.png,main_only,100644,blob,ed8dcb24d4c7d7cc203d293fa45afe73a65cfd77,,,
Docs/archive/assets/2026-10-06_netcore-ui-redesign/007-systemverwaltung-ressourcen-und-wartung.png,main_only,100644,blob,e9d0419962bb8dfa721920076b0c311eb3475b58,,,
Docs/archive/assets/2026-10-06_netcore-ui-redesign/008-diensteubersicht-mit-lokalem-ersatzbetrieb.png,main_only,100644,blob,e003b60e80ed910a134ab93cb794039eed217cae,,,
Docs/archive/assets/2026-10-06_netcore-ui-redesign/009-rf-diagnose-spektrum-und-zeitschlitze.png,main_only,100644,blob,6de2de49afbed36241395872184bcc238b409d1a,,,
Docs/archive/assets/2026-10-06_netcore-ui-redesign/010-tetra-netz-der-basisstation-konfigurieren.png,main_only,100644,blob,535b0a43f161d93dc5f4396247deec16529fe643,,,
Docs/archive/assets/2026-10-06_netcore-ui-redesign/011-hilfe-dokumentation-in-vorbereitung.png,main_only,100644,blob,0be3c12b2b6ebfaa8002efd9e562871eb1a5ced4,,,
Docs/archive/assets/2026-10-06_netcore-ui-redesign/012-nachbarzellen-verwalten-im-tetra-dashboard.png,main_only,100644,blob,f668e277cf89b0f0bf0941c0b2994fc570662646,,,
Docs/archive/assets/2026-10-06_netcore-ui-redesign/013-netcore-tetra-konfiguration-mit-stationsdaten.png,main_only,100644,blob,c2e0eae9426c1d2ce6227ac5c1c670229c4bf506,,,
Docs/archive/assets/2026-10-06_netcore-ui-redesign/014-tetra-gesprache-im-live-uberblick.png,main_only,100644,blob,221faba6863b0516880db3587cf632a895268bbe,,,
Docs/archive/assets/2026-10-06_netcore-ui-redesign/015-logo-text-helles-design.png,main_only,100644,blob,9554379d4ede8da7c80cbd76b1b607bf33c6f8ad,,,
Docs/archive/assets/2026-10-06_netcore-ui-redesign/016-willkommen-bei-netcore-tetra.png,main_only,100644,blob,4d2449f82c613755656674b08fa258866762c29e,,,
Docs/archive/assets/2026-10-06_netcore-ui-redesign/017-netcore-tetra-basisstation-im-funkbetrieb.png,main_only,100644,blob,11807b92d0862f75a9a4eb4ede9bfbfbe9cef8f5,,,
Docs/archive/assets/2026-10-06_netcore-ui-redesign/018-netz-im-blick-kompakte-stationsvorschau.png,main_only,100644,blob,0dc0c94df6f5172167d5d647ccd4395a2e4f77ad,,,
Docs/archive/assets/2026-10-06_netcore-ui-redesign/019-unbenannt.png,main_only,100644,blob,fe116eb8bf57735e308099b148b64160c51a5aa0,,,
Docs/archive/assets/2026-10-06_netcore-ui-redesign/020-offentliche-netzubersicht.png,main_only,100644,blob,1018d6be38619dc4adbec98761b0a689da163867,,,
Docs/archive/assets/2026-10-06_netcore-ui-redesign/021-netcore-tetra-funkgerate-verwalten.png,main_only,100644,blob,fff425ad4a01f74c10508da003d9a6a89f71468c,,,
Docs/archive/assets/2026-10-06_netcore-ui-redesign/022-netcore-tetra-anmeldung-mit-stationsvorschau.png,main_only,100644,blob,cdc75be3f596b04e11387021e4c37ad3d81d4e09,,,
Docs/archive/assets/2026-10-06_netcore-ui-redesign/023-aktive-rufe-im-funkbetrieb.png,main_only,100644,blob,cb3655e6617f912cf66e7685921f00fb5703eb81,,,
Docs/archive/assets/2026-10-06_netcore-ui-redesign/024-rf-signal-tx-spektrum-konstellation-und-wasserfall.png,main_only,100644,blob,55b8d58bba444530bbc90d92dc2d0be5f33fcf8d,,,
Docs/archive/assets/2026-10-06_netcore-ui-redesign/025-funklage-im-netcore-tetra-dashboard.png,main_only,100644,blob,2760ac729c4d0f68c78a810b84219e651a5c59c9,,,
Docs/archive/assets/2026-10-06_netcore-ui-redesign/026-systemzustand-im-lokalen-funkbetrieb.png,main_only,100644,blob,22d3a1a536fb6dfe6f7768492fb2e47908f42f2e,,,
Docs/archive/assets/2026-10-06_netcore-ui-redesign/027-zuletzt-gehort-funkaktivitaten-im-uberblick.png,main_only,100644,blob,664e8c06a0193212a81a0f5ce567bdd4ac266731,,,
Docs/archive/assets/2026-10-06_netcore-ui-redesign/028-ereignisse-zentrale-verbindung-getrennt.png,main_only,100644,blob,a6320e9aa15c94d4cd9437beef68b21f3d14e47c,,,
Docs/archive/assets/2026-10-06_netcore-ui-redesign/029-sds-protokoll-im-tetra-funknetz.png,main_only,100644,blob,c427d6cd4c268d70d257c89010b9be081c08420e,,,
Docs/archive/assets/2026-10-06_netcore-ui-redesign/030-sndcp-paketdaten-und-legacy-wap.png,main_only,100644,blob,9a3ecfa76a28ba8449a793563d130a4c2d671770,,,
Docs/archive/assets/2026-10-06_netcore-ui-redesign/031-rf-analyse-mit-spektrum-und-wasserfall.png,main_only,100644,blob,9b2a6c955463884475770e5955bada8033cb4547,,,
Docs/archive/assets/2026-10-06_netcore-ui-redesign/032-netzkarte-mit-ausgewahlten-geratepositionen.png,main_only,100644,blob,8d1cf4bae22e5175c8f97b30c18ae4f3410523d7,,,
Docs/archive/assets/2026-10-06_netcore-ui-redesign/033-aufzeichnungen-in-der-audio-zentrale.png,main_only,100644,blob,f933333c6337d65fed729d2cd474d181648156f3,,,
Docs/archive/assets/2026-10-06_netcore-ui-redesign/034-audio-zentrale-medienbibliothek-und-aussendung.png,main_only,100644,blob,6c3ffac0502c6ec5c4ac670c6e7f57ce6837d315,,,
Docs/archive/assets/2026-10-06_netcore-ui-redesign/035-netcore-tetra-konfiguration-mit-toml-editor.png,main_only,100644,blob,6fc8c52f2969d202a54b192b487eeaebf4990e24,,,
Docs/archive/assets/2026-10-06_netcore-ui-redesign/036-telegram-bot-fur-netcore-tetra-konfigurieren.png,main_only,100644,blob,1eb3692b899f2bdb22107335103b4a6403f9d697,,,
Docs/archive/assets/2026-10-06_netcore-ui-redesign/037-asterisk-sip-anbindung-fur-netcore-tetra.png,main_only,100644,blob,e0324005eb61564cf46db0037fbb84b009472780,,,
Docs/archive/assets/2026-10-06_netcore-ui-redesign/038-wlan-netzwerke-verwalten.png,main_only,100644,blob,0d2d4dd8ffbd868614aaa48bb801514465caa1b3,,,
Docs/archive/assets/2026-10-06_netcore-ui-redesign/039-basisstation-im-systemuberblick.png,main_only,100644,blob,7bec272442789312004a2b024161eaad7860b516,,,
Docs/archive/assets/2026-10-06_netcore-ui-redesign/040-nachbarzellen-ubersicht-im-netcore-tetra-design.png,main_only,100644,blob,2d5f0b6bcfab2ba62682b2ab70198849707812e1,,,
Docs/archive/assets/2026-10-06_netcore-ui-redesign/041-netcore-hilfe-in-vorbereitung.png,main_only,100644,blob,5dcec6f5bf5d3de1aa0e56f7ab6b44f6c68106e8,,,
Docs/archive/assets/2026-10-06_netcore-ui-redesign/042-zentrale-dienste-mit-lokalem-fallback.png,main_only,100644,blob,0696492378b0717c4d0c8c8fa839bebfe4268e46,,,
Docs/archive/assets/2026-10-06_netcore-ui-redesign/043-echolink-integration-fur-netcore-tetra.png,main_only,100644,blob,52d94cf1ff1b173f25ab7a96959e036688e41821,,,
Docs/archive/assets/2026-10-06_netcore-ui-redesign/044-dapnet-pager-nachrichten-und-integrationen.png,main_only,100644,blob,7d419280b318af477dadd016b58fc8b197a457cc,,,
Docs/archive/assets/2026-10-06_netcore-ui-redesign/045-korrigierte-lokale-ersatzangaben-im-netcore-uberblick.png,main_only,100644,blob,6a91215279a856c94de4d79498e43ad8c9c09bf1,,,
Docs/archive/assets/2026-10-06_netcore-ui-redesign/046-meshcom-nachrichten-und-knoten.png,main_only,100644,blob,8a384fa49e7c80e9404e17172b20cc6fe288116a,,,
Docs/archive/assets/2026-10-06_netcore-ui-redesign/047-korrigierte-offentliche-netzwerkubersicht.png,main_only,100644,blob,2588b18779d40da6096cb4bab78b15edab4a93c6,,,
Docs/archive/assets/2026-10-06_netcore-ui-redesign/048-audio-zentrale-mit-korrigierter-dateiansicht.png,main_only,100644,blob,67f3d66cdfe262e775f2d701d61bc87678023518,,,
Docs/archive/assets/2026-10-06_netcore-ui-redesign/049-geoalarm-positionsalarme-verwalten.png,main_only,100644,blob,5dbe568b49628efcdd9b1cccc24045c0b6f11d07,,,
Docs/archive/assets/2026-10-06_netcore-ui-redesign/050-meshcom-vorschau-mit-rf-snom-und-telegram-einstellungen.png,main_only,100644,blob,5c70374db3ac913f589de932485c68d8b0053fd2,,,
Docs/archive/assets/2026-10-06_netcore-ui-redesign/051-korrigiertes-detailpanel-mit-gruppenliste.png,main_only,100644,blob,1fe0a77adbb36352c30eb93004857454aaa89411,,,
Docs/archive/assets/2026-10-06_netcore-ui-redesign/052-rufseite-mit-korrigierter-navigation.png,main_only,100644,blob,72516a1a4babf72a5678545fcbb2f8dac595c16c,,,
Docs/archive/assets/2026-10-06_netcore-ui-redesign/053-aufgeraumte-netcore-anmeldeseite.png,main_only,100644,blob,a2d4aa5faa571065d8aaf97773d3933103f2cbb1,,,
Docs/archive/assets/2026-10-06_netcore-ui-redesign/054-aktivitatsseite-mit-ausgewahltem-zuletzt-gehort.png,main_only,100644,blob,58c4077abfa0e30c983e4fff3582cfcf6ea64dfd,,,
Docs/archive/assets/2026-10-06_netcore-ui-redesign/055-systemubersicht-mit-hervorgehobenem-log-menu.png,main_only,100644,blob,0dd49cb84fddbdf90a8ced3aa7f8e0bc5893cf57,,,
Docs/archive/assets/2026-10-06_netcore-ui-redesign/056-aufzeichnungstabelle-mit-archivubersicht.png,main_only,100644,blob,2e8d8f710a5340f90ab2f3b0d2632e90505602ab,,,
Docs/archive/assets/2026-10-06_netcore-ui-redesign/057-node-gateway-basisstationen-verbinden.png,main_only,100644,blob,5e1b2aa59c0f094e61d5865207aae1eb0a49fd53,,,
Docs/archive/assets/2026-10-06_netcore-ui-redesign/058-subscriber-core-teilnehmer-verwalten.png,main_only,100644,blob,bb3bca4c421dfb7afdedf3bfc6cebdacb7189527,,,
Docs/archive/assets/2026-10-06_netcore-ui-redesign/059-gruppenverwaltung-im-netcore-tetra.png,main_only,100644,blob,f5127ac6b15588872375310caa932744b86a9da7,,,
Docs/archive/assets/2026-10-06_netcore-ui-redesign/060-mobility-core-teilnehmer-und-transfers.png,main_only,100644,blob,61d2c7eddd113947f50d99575c9d11332c51808d,,,
Docs/archive/assets/2026-10-06_netcore-ui-redesign/061-netcore-tetra-rufsteuerung-im-testmodus.png,main_only,100644,blob,c564530855fc78920338b784c060fd714c884c44,,,
Docs/archive/assets/2026-10-06_netcore-ui-redesign/062-medienvermittlung-media-switch.png,main_only,100644,blob,1ed30a5b4089e3634583cd87b4da4a5caf5f3ce1,,,
Docs/archive/assets/2026-10-06_netcore-ui-redesign/063-sds-router-nachrichten-und-routingzentrale.png,main_only,100644,blob,5a196b4c911f795dad1b9b5dc312e6a3ac0d8f29,,,
Docs/archive/assets/2026-10-06_netcore-ui-redesign/064-ip-gateway-im-shadow-modus.png,main_only,100644,blob,c1a080fc08f46fcc5049e61442555039d700a574,,,
Docs/archive/assets/2026-10-06_netcore-ui-redesign/065-paketdatenkern-im-shadow-testmodus.png,main_only,100644,blob,5039cf7ccd9228ece3e13aad40757ee6a64d562b,,,
Docs/archive/assets/2026-10-06_netcore-ui-redesign/066-security-core-profile-und-authentisierung.png,main_only,100644,blob,83d584d0c562c75c847b7b073a7e65be0c7763a7,,,
Docs/archive/assets/2026-10-06_netcore-ui-redesign/067-application-gateway-mit-connectoren.png,main_only,100644,blob,4bf808ff9a85a6a52c80dfddb52db48ca5d65fcb,,,
Docs/archive/assets/2026-10-06_netcore-ui-redesign/068-netcore-transit-regionen-peers.png,main_only,100644,blob,13e66433e2c9d7904b34c7ac2d8fda18bf881b48,,,
Docs/archive/assets/2026-10-06_netcore-ui-redesign/069-schlusselverwaltung-im-netcore-tetra-open-lab.png,main_only,100644,blob,8d406a2d312db5a8b61904589b0026bdc7835783,,,
Docs/archive/assets/2026-10-06_netcore-ui-redesign/070-netcore-tetra-medienbibliothek.png,main_only,100644,blob,0f1f2c5e866622e15d5d8407245bf64b5ac8f46a,,,
Docs/archive/assets/2026-10-06_netcore-ui-redesign/071-netcore-tetra-observability-ubersicht.png,main_only,100644,blob,7a81193b62e9e583d81d240b082ae4cd5cd56764,,,
Docs/archive/assets/2026-10-06_netcore-ui-redesign/072-provisioning-core-mitgliedschaftsmatrix.png,main_only,100644,blob,8658a14bc91bd959cf94314f8aca7078d40440e2,,,
Docs/archive/assets/2026-10-06_netcore-ui-redesign/073-recorder-archiv-fur-netcore-tetra.png,main_only,100644,blob,a9dd4bd9880b9cd127396438d1e6c00e56770ffd,,,
Docs/archive/assets/2026-10-06_netcore-ui-redesign/074-iot-gateway-mit-open-lab-dashboard.png,main_only,100644,blob,55704bc02294f154ea76856422bb32b432257de6,,,
Docs/archive/assets/2026-10-06_netcore-ui-redesign/075-media-library-tts-piper.png,main_only,100644,blob,688f3bfb6264ae71518a96287acf4a183cea2468,,,
Docs/archive/assets/2026-10-06_netcore-ui-redesign/076-netcore-tetra-leitstelle-mit-lagebild.png,main_only,100644,blob,7e78585c4c1d71fdd7731831baf1676132364956,,,
Docs/archive/assets/2026-10-06_netcore-ui-redesign/077-warnzentrale-warngebiete-im-blick.png,main_only,100644,blob,14ab78b1e940f40bc40e274373425d2f57027069,,,
Docs/archive/assets/2026-10-06_netcore-ui-redesign/078-alarmboard-mit-ausgewahltem-kritischem-alarm.png,main_only,100644,blob,8e5232e6c546d43475d3180418c1d9408f222f3c,,,
Docs/archive/assets/2026-10-06_netcore-ui-redesign/079-netcore-tetra-task-workflow-mit-auftragsdetails.png,main_only,100644,blob,f10166676ae4d4456fa82a1d613617a95c7e7ff7,,,
Docs/archive/assets/2026-10-06_netcore-ui-redesign/080-warnzentrale-zugriffsschlussel-eingeben.png,main_only,100644,blob,a9830ee6fb0a0464f73f1b67ef75dfd98d7ed3af,,,
Docs/archive/assets/2026-10-06_netcore-ui-redesign/081-eigene-gebiets-warnung-erstellen.png,main_only,100644,blob,5ecdae5fd176009204488e577ace244405d6bc46,,,
Docs/archive/assets/2026-10-06_netcore-ui-redesign/082-netcore-tetra-asset-bestand-im-uberblick.png,main_only,100644,blob,3c93ffad7d12030016ac752afcaa73aa59ce7d9a,,,
Docs/archive/assets/2026-10-06_netcore-ui-redesign/083-netcore-tetra-gerateverzeichnis.png,main_only,100644,blob,b2c830756084d744afe48cbf9f04d2df9567f667,,,
Docs/archive/assets/2026-10-06_netcore-ui-redesign/084-sip-vermittlung-im-open-lab.png,main_only,100644,blob,85e20c819e41b419da776288cc66171c1db71a75,,,
Docs/archive/assets/2026-10-06_netcore-ui-redesign/085-tbs-verbindungen-live-im-uberblick.png,main_only,100644,blob,8a5d6fe5dd577e9725e138f554276b97bdbaba95,,,
Docs/archive/assets/2026-10-06_netcore-ui-redesign/086-brew-netzuberblick-mit-live-rufen.png,main_only,100644,blob,faedc1163c134ba99dafd863309ecf3d58858fd1,,,
Docs/archive/assets/2026-10-06_netcore-ui-redesign/087-hardware-gateway-rack-und-umgebungsuberwachung.png,main_only,100644,blob,3492c5d93d86a830b45148a16c011b67a9174391,,,
Docs/archive/assets/2026-10-06_netcore-ui-redesign/088-tbs-connect-anmeldung-fur-brew-verbindungen.png,main_only,100644,blob,e1d98fe1816851d245d8ee5bc1a17fb906f8d98a,,,
Docs/archive/assets/2026-10-06_netcore-ui-redesign/089-zentrale-hf-uberwachung-mit-spektrum-und-telemetrie.png,main_only,100644,blob,a2d16c02c4a104869d3d0a3f970eb39d108bb618,,,
Docs/archive/assets/2026-10-06_netcore-ui-redesign/090-zentrale-teilnehmerverwaltung-und-tbs-synchronisierung.png,main_only,100644,blob,94b54b41bd79ee74017470ba0788564c5598fc71,,,
Docs/archive/assets/2026-10-06_netcore-ui-redesign/091-netcore-dashboard-mit-mediaframes.png,main_only,100644,blob,e6bdc3a845b6bccdcf5ed5ac775356d7eb5359d5,,,
Docs/archive/assets/2026-10-06_netcore-ui-redesign/092-netcore-leitstellenansicht-mit-korrigierter-warteschlange.png,main_only,100644,blob,cdbdd4de071a95184afe98ae0b5ec84d43fd5088,,,
Docs/archive/assets/2026-10-06_netcore-ui-redesign/093-netcore-dashboard-mit-teilnehmern-und-ereignisprotokoll.png,main_only,100644,blob,6a05742600e115cb075d75eb30e9a0514e4d5686,,,
Docs/archive/assets/2026-10-06_netcore-ui-redesign/094-netcore-streamubersicht-mit-aktivieren-schaltflache.png,main_only,100644,blob,9b5ca94e455695a99d060fb0f86068377e049690,,,
Docs/archive/assets/2026-10-06_netcore-ui-redesign/095-netcore-gruppeneditor-mit-korrigierten-mitgliedschaften.png,main_only,100644,blob,92e9b864e4550a13a59a9e4e4b46fb7437c88f34,,,
Docs/archive/assets/2026-10-06_netcore-ui-redesign/096-netcore-statusdialog-mit-korrigierten-eingabefeldern.png,main_only,100644,blob,e812695304e249840a3b883bce6d5e67259c53c7,,,
Docs/archive/assets/2026-10-06_netcore-ui-redesign/097-netcore-shadow-modus-mit-ausstehenden-aktionen.png,main_only,100644,blob,c79f5b06c2818cbb39d7adad8f028da3840b6854,,,
Docs/archive/assets/2026-10-06_netcore-ui-redesign/098-kmf-designvorschau-mit-32-bytes.png,main_only,100644,blob,71c1dac7b04696df92db0c758fcb346c004763ec,,,
Docs/archive/assets/2026-10-06_netcore-ui-redesign/099-security-core-authentisierung-und-sicherheitsprofile.png,main_only,100644,blob,3dac62ed8d9b4e995c6c80e0204b811b5bf746ad,,,
Docs/archive/assets/2026-10-06_netcore-ui-redesign/100-application-gateway-endpunkte-und-routing-korrigiert.png,main_only,100644,blob,7955f5e66a6326c19968c407f038911d63c2f939,,,
Docs/archive/assets/2026-10-06_netcore-ui-redesign/101-provisioning-core-designvorschau-mit-rssi-dbfs-und-mitgliedsmatrix.png,main_only,100644,blob,f6e6171935e0afbdc37a2198ea45ef8dace5a423,,,
Docs/archive/assets/2026-10-06_netcore-ui-redesign/102-medienbibliothek-mit-basisstation-playout.png,main_only,100644,blob,e9f139218c3890faf9ea116aa019c35ff0a7da0f,,,
Docs/archive/assets/2026-10-06_netcore-ui-redesign/103-tetra-recorder-archiv-mit-legal-hold.png,main_only,100644,blob,69cb5074bb7c31961ba22e035872730585ab294f,,,
Docs/archive/assets/2026-10-06_netcore-ui-redesign/104-netcore-observability-dashboard-mit-monitoring-status.png,main_only,100644,blob,2ac8095f34e67310d3f7d48da64e8e014b46dfa0,,,
Docs/archive/assets/2026-10-06_netcore-ui-redesign/105-netcore-iot-gateway-dashboard-mit-richtlinien.png,main_only,100644,blob,87e01c2bddf93542d5f04c7868b921819c639712,,,
Docs/archive/assets/2026-10-06_netcore-ui-redesign/106-tts-medienvorschau-in-der-media-library.png,main_only,100644,blob,e0218d88eb7e24b676d9e208ed2b00d18eaf2202,,,
Docs/archive/assets/2026-10-06_netcore-ui-redesign/107-netcore-warnzentrale-mit-gerate-und-kartenstatus.png,main_only,100644,blob,d04b92b9bf0271f7d8234fc6a545751a7e6aa2b3,,,
Docs/archive/assets/2026-10-06_netcore-ui-redesign/108-netcore-betriebsubersicht-mit-dienst-und-storungsstatus.png,main_only,100644,blob,7853199ea66fc4a2996d08a10f11ff93bdb960b3,,,
Docs/archive/assets/2026-10-06_netcore-ui-redesign/109-iot-gateway-mit-befehlen-und-richtlinien.png,main_only,100644,blob,4935c4e87dd8eb159b365ee6bd2f3a340b8e3620,,,
Docs/archive/assets/2026-10-06_netcore-ui-redesign/110-media-library-zentrale-tts-erzeugung.png,main_only,100644,blob,75ff8924cc24c4e1a11c311e1465a2fd6d38698d,,,
Docs/archive/assets/2026-10-06_netcore-ui-redesign/111-netcore-tetra-status-und-einsatzubersicht.png,main_only,100644,blob,02d5fb18c9a13489a9e362e544ae091e2d75362a,,,
Docs/archive/assets/2026-10-06_netcore-ui-redesign/112-netcore-warnzentrale-mit-gerate-und-warnstatus.png,main_only,100644,blob,24ed5b68ae8a524524240c5d67c92e7328959eba,,,
Docs/archive/assets/2026-10-06_netcore-ui-redesign/113-netcore-taskboard-mit-eingereihten-sds-auftragen.png,main_only,100644,blob,c41cbdfad197616938e3956a4b6eb0a9bb68c4ee,,,
Docs/archive/assets/2026-10-06_netcore-ui-redesign/114-netcore-alarmdashboard-mit-countdowns.png,main_only,100644,blob,732d7d520ec32780b302cd30525bf0a4880b7482,,,
Docs/archive/assets/2026-10-06_netcore-ui-redesign/115-netcore-warnzentrale-ohne-open-lab-hinweis.png,main_only,100644,blob,cc908e75282950e1d1e0b7c4e2a9415086856ac5,,,
Docs/archive/assets/2026-10-06_netcore-ui-redesign/116-netcore-warnzentrale-mit-schematischer-kartenvorschau.png,main_only,100644,blob,14b81a515c17408465e4113a1420d3453d5b2b8c,,,
Docs/archive/assets/2026-10-06_netcore-ui-redesign/117-asset-management-dashboard-mit-systemstatus.png,main_only,100644,blob,a7b3474158ccb2f55cf28424ad10704ecd8e0fb6,,,
Docs/archive/assets/2026-10-06_netcore-ui-redesign/118-netcore-directory-mit-uberarbeiteten-infotexten.png,main_only,100644,blob,40b47556406772400af3e153d0bb6d91c3969e67,,,
Docs/archive/assets/2026-10-06_netcore-ui-redesign/README.md,main_only,100644,blob,5e0b34c80107093de9d740067167b5be1572320c,,,
Docs/archive/assets/2026-10-06_netcore-ui-redesign/image-manifest.json,main_only,100644,blob,1eab6adb63cc6751da2979a0c06fc22bf49325e2,,,
Docs/archive/assets/2026-10-06_rereg-sip-freepbx-cli/01-sip-switch-dashboard.png,main_only,100644,blob,faeb397a2fdfe9d35a86378010dc1ae3e63ae889,,,
Docs/archive/assets/2026-10-06_rereg-sip-freepbx-cli/02-tbs-sip-integration.png,main_only,100644,blob,7dda7b6f78e1b88942c2ab940fac66777fd999b5,,,
Docs/archive/assets/2026-10-06_rereg-sip-freepbx-cli/03-tbs-node-gateway-fallback.png,main_only,100644,blob,1cd289b6e31bb62d34129a04b5661de088eaab62,,,
Docs/archive/assets/2026-10-06_rereg-sip-freepbx-cli/04-sepura-pabx-crop.png,main_only,100644,blob,0505b0dff045aa1e0e3424edae9000125692b753,,,
Docs/archive/assets/2026-10-06_rereg-sip-freepbx-cli/05-sepura-pabx-readable.png,main_only,100644,blob,f9112a98d5c8e9779665eb6ff41c6a5e83a12aa3,,,
Docs/archive/assets/2026-10-06_rereg-sip-freepbx-cli/06-sepura-dial-modes.png,main_only,100644,blob,b05918f15807a73d6014a659ac16946c49f80714,,,
Docs/archive/assets/2026-10-06_rereg-sip-freepbx-cli/image-manifest.json,main_only,100644,blob,07e9c252586fd7ffa8bc7ad220aee45653c591fd,,,
Docs/archive/assets/2026-10-06_rereg-sip-freepbx-cli/pdf-inventory.json,main_only,100644,blob,3489dc5a8a1fbc51563a5dfffacce80028f87b93,,,
Docs/archive/assets/2026-10-06_rereg-sip-freepbx-cli/protocol-audit.md,main_only,100644,blob,826de154e4a167e7dc1816534c15b8cde81bd565,,,
Docs/archive/assets/2026-10-06_roadmap-ui-rbac-cmce-restore/netcore-restore-roadmap-1790992809677.jpg,main_only,100644,blob,5a0c55903ebdb425f9deb4c8e081e09f2f577ff6,,,
Docs/archive/assets/2026-10-06_roadmap-ui-rbac-cmce-restore/netcore-roadmap-published-1790992401156.jpg,main_only,100644,blob,70131ecac4b50e45fdf01be938a7baf98c03f835,,,
Docs/archive/assets/2026-10-06_tbs-container-updates-katwarn-release/home-assistant-bookmark-favicon.png,main_only,100644,blob,b7257716b01b3a6b7968d248a38eea59bc66227e,,,
Docs/archive/assets/2026-10-06_tbs-container-updates-katwarn-release/warn-ui-lokaler-loeschtest-2026-09-27.jpg,main_only,100644,blob,c7bf2bb759bb55107c57cedc3c05cd15a269047b,,,
README.md,different,100644,blob,8e2b552ed4ad6bca0656569296aa1c148b9c54da,100644,blob,d0fdfaf5d34c1e90b7e69d6e9c57439844efaa91
ROADMAP.md,main_only,100644,blob,457ff1796cf94584e3f373495b11aed8aa54c897,,,
bins/netcore-control-room/src/http.rs,different,100644,blob,d05ea89c6c176a156bd55211d42a36ef010b5182,100644,blob,daf43c7e34440099bb9a55608f1756e05dad92da
bins/netcore-control-room/src/webui.rs,different,100644,blob,8420398c826c91663d64b7a9b34130ff49326449,100644,blob,c7567e780204e7b8b9d161e3fcef5bb4ef474bff
crates/tetra-entities/src/net_dashboard/html.rs,different,100644,blob,caf9cd6932346141021ed2f4ef62fbc79562fece,100644,blob,6a6a0d689369d4f3e8b37d900bfd09d5c20affc5
crates/tetra-entities/src/net_dashboard/server.rs,different,100644,blob,a331ef1343013320077dd6975e450b55796cfb22,100644,blob,1ed884716d2c7de70022f1bdb90d7f2e510460b4
crates/tetra-entities/src/net_dashboard/ui/dashboard.html,main_only,100644,blob,6161b3ebc6ae76c86f39ed1413dca1ca39ba1b8c,,,
crates/tetra-entities/src/net_dashboard/ui/login.html,main_only,100644,blob,f15ad0fcc056e955c0d3a01408e1e11c52f28b45,,,
crates/tetra-entities/src/net_dashboard/ui/netcore-login.js,main_only,100644,blob,c476aa3bf14078bbfe31b7bde883b4ac384c6421,,,
crates/tetra-entities/src/net_dashboard/ui/netcore-logo.png,main_only,100644,blob,9554379d4ede8da7c80cbd76b1b607bf33c6f8ad,,,
crates/tetra-entities/src/net_dashboard/ui/netcore-rf.css,main_only,100644,blob,c07023c071b989e0712858bcb613b42d37cb280b,,,
crates/tetra-entities/src/net_dashboard/ui/netcore-rf.js,main_only,100644,blob,deb39f2d637ed5dc7b0701c9ab34e836398b3a5f,,,
crates/tetra-entities/src/net_dashboard/ui/netcore.css,main_only,100644,blob,6e34fa7a841e763e31df67320300d1673972778b,,,
crates/tetra-entities/src/net_dashboard/ui/netcore.js,main_only,100644,blob,d0a8132bc748a91a3506a8a95a942d5772ef60e9,,,
deploy/open-lab/inventory.example.toml,different,100644,blob,1415275c6a16473ce77913fe4a54c229e4b8a3bd,100644,blob,8b4e2b6907a8deb9cf61c85517607ee5303e592e
install/update-basisstation.sh,different,100644,blob,16083c6868fd3b7f16e41f50b6c84704cd5b9a64,100644,blob,4f77cb5021b1fc61f9b5ab76bdb0fb7c76359b94
misc/ID-Server/netcore_directory_server.py,different,100644,blob,7a5245d053ee5906762d7bcf74a0ee056706c417,100644,blob,5719554de2188b515f0cfb4e2c78d7f76a3d5529
misc/brew-server.py,different,100644,blob,f77ad4e5a6d1c3254536fd2df0f5ce6a9b215a3a,100644,blob,a4f546192214324acb9d9d6c2c4af60ed5e94b8e
misc/brew-server/Cargo.toml,different,100644,blob,9690112383b562027d9480b8ba2ab68961578c51,100644,blob,26a55d82a978a652cf7e98273e753068aaf2af9c
misc/brew-server/Dockerfile,different,100644,blob,9abeb4c13a878155628224867d2e0998366eae6b,100644,blob,24aca33b0d74f60417b00e29482d890260ccba48
misc/brew-server/src/dashboard.rs,different,100644,blob,6bd40e90a05f1c24d55e68ae9c45d12f49a5c377,100644,blob,69c852be5a368d7cf53da8f83994456540b03aa4
misc/brew-server/web-ui/assets/netcore-logo.data-uri,main_only,100644,blob,5c565edb7346824a0686d9a111a57ae0dba5ab23,,,
misc/brew-server/web-ui/assets/service-design.css,main_only,100644,blob,216422856817cc91c257318ea37840b0a787ff9c,,,
misc/brew-server/web-ui/assets/service-design.js,main_only,100644,blob,8295a627a4242d0b6d600c5b3cc5c2a89c225910,,,
misc/brew-server/web-ui/assets/service-theme-init.js,main_only,100644,blob,cd7ccedd096bad677166770b1d3fcc4ccc76d243,,,
misc/brew-server/web-ui/service-design.rs,main_only,100644,blob,7b15c07fde87582fed65d984c5c4833c9fddc08d,,,
system-backend/alarm-workflow/src/netcore_alarm_workflow.py,different,100644,blob,5d41d1d06c2937533d5cb7d2b45a835a78a1a4a8,100644,blob,44daa581297d3a3b575eae4d43369c05a6f7ff08
system-backend/alarm-workflow/web-ui/index.html,different,100644,blob,21018a5cfce33fb6d56861e75207d369ad091f63,100644,blob,03010ee8c1aec70736c8cdc5f63593862d4cf6c6
system-backend/alert-service/static/app.js,different,100644,blob,e77242d57f5db7fa14343fe07424606c386462d1,100644,blob,45cc3a1f83d935ca2a2fdfe33b4f86cd93d29711
system-backend/alert-service/static/index.html,different,100644,blob,a7108199fca6d42d00e7234ff45cd362d7e59725,100644,blob,5df80658c9bb4d04e7c4ec0503f1d57601c34652
system-backend/alert-service/static/service-design.js,main_only,100644,blob,8295a627a4242d0b6d600c5b3cc5c2a89c225910,,,
system-backend/alert-service/static/service-theme-init.js,main_only,100644,blob,cd7ccedd096bad677166770b1d3fcc4ccc76d243,,,
system-backend/alert-service/static/style.css,different,100644,blob,b578e8a2bffeff5a20a9d6977f232acabacf4f09,100644,blob,b74e313e5be118b40b63921e0c9f791f4ba1b433
system-backend/application-gateway/src/http.rs,different,100644,blob,04ce8b22d1b76c333551c1e8df36b3552e07f084,100644,blob,652c960b7c2c9adafab9cf054a3c2d1779185d7c
system-backend/application-gateway/web-ui/index.html,main_only,100644,blob,63748e48bd857322acb7fea7a764bf8fb874c764,,,
system-backend/asset-management/src/netcore_asset_management.py,different,100644,blob,8c6ebe79d9bd9d5c2918732c6988333780449488,100644,blob,51f290fde786baa0982865f8ef981c14dc58367a
system-backend/asset-management/web-ui/index.html,main_only,100644,blob,68972a83e6eefe225258bb01b09fe002f451b768,,,
system-backend/call-control/src/http.rs,different,100644,blob,ba3ed573c8f717921f724a01f874e1d15d05a947,100644,blob,9b8a7749fac3b679d84a12a9342d5d957e1076ff
system-backend/call-control/web-ui/index.html,main_only,100644,blob,3d0c9d44b554e50e63676aa936599a6bef09bd6d,,,
system-backend/deployment-core/README.md,historical_only,,,,100644,blob,a3baef078482633940b00377e541084dfad3dc16
system-backend/deployment-core/bindings.py,historical_only,,,,100644,blob,16dacee72aceacabd09730f3c2c9049b21b96c86
system-backend/deployment-core/catalog.json,historical_only,,,,100644,blob,4e03065cc875283fc1f0d1a2496de9b98ae5e7ad
system-backend/deployment-core/common.py,historical_only,,,,100644,blob,6c9acd523ab6dff22ec69e66df440e295a794078
system-backend/deployment-core/config/agent.example.toml,historical_only,,,,100644,blob,3caf76820498b02770a91675fdc1b86a8370e1d5
system-backend/deployment-core/config/deployment.example.toml,historical_only,,,,100644,blob,d190d84172330f65a6644f03958f16a2a19aee24
system-backend/deployment-core/deploy.py,historical_only,,,,100644,blob,0dd0c3d7b26a44e47df1ebf406ee29cf22d59719
system-backend/deployment-core/discovery.py,historical_only,,,,100644,blob,1773a4a96565e6e28a5c42dee7dd42271eda2e1b
system-backend/deployment-core/image/99-netcore-sdr.rules,historical_only,,,,100644,blob,a1e35bd678d79c12c86def26007e8a8edf5e3d11
system-backend/deployment-core/image/build-guest.sh,historical_only,,,,100755,blob,dfd91bf5a7d03111425b7e8a8e4e3580f1846a9f
system-backend/deployment-core/image/check-hardware.py,historical_only,,,,100644,blob,a592ae6a4cc22fb36b9f3557c76f3eb2788c8359
system-backend/deployment-core/image/firstboot.py,historical_only,,,,100644,blob,44ec39b87e381a0555c76d29c44acced2cd3d2b3
system-backend/deployment-core/image/personalize.py,historical_only,,,,100644,blob,c120f15621a1459756be8ec68333c075ca256bfd
system-backend/deployment-core/image/systemd/netcore-firstboot.service,historical_only,,,,100644,blob,345cce2a804f0f31241863c41a4d451e3be88e95
system-backend/deployment-core/image/systemd/netcore-vpn-policy.service,historical_only,,,,100644,blob,f7e5f2fc30cc46d8532539e5f1a63707b5d8a10d
system-backend/deployment-core/image/systemd/netcore-vpn-policy.timer,historical_only,,,,100644,blob,9e8dfc28727ce9f7d4cf055e15e3868a0dd311ff
system-backend/deployment-core/image/systemd/netcore-wifi-country.service,historical_only,,,,100644,blob,a86f378709b6b06b298c42235900bd0ff7b9816f
system-backend/deployment-core/image/systemd/tetra.service,historical_only,,,,100644,blob,737d2269aaee6296dff6776414faf7faed0e3953
system-backend/deployment-core/image/vpn-policy.py,historical_only,,,,100644,blob,fdf7c58e1ac3914d0e6f1827741da19146936781
system-backend/deployment-core/image/wifi-country.py,historical_only,,,,100644,blob,adacc03fde320768e836bf8547470bcb533aafae
system-backend/deployment-core/image_build.py,historical_only,,,,100644,blob,b9e8475a0e2848c3dafb5f17c90b3e7c1860feae
system-backend/deployment-core/image_client.py,historical_only,,,,100644,blob,68667e6ca3415df86556a2bdd630ed17f7aae462
system-backend/deployment-core/image_spec.py,historical_only,,,,100644,blob,b02c07eed90dcff48bfa3a167693948107f76061
system-backend/deployment-core/image_worker.py,historical_only,,,,100644,blob,6ec73814dd404de4da714ac2682906bd9cee3786
system-backend/deployment-core/install/create-lxc.sh,historical_only,,,,100755,blob,c189e0817603848dc2ce6555b821b89bd3d0a94a
system-backend/deployment-core/install/install-tbs.sh,historical_only,,,,100755,blob,92456adcd041ae509dd2763bc6312648e31948ed
system-backend/deployment-core/install/install-vm.sh,historical_only,,,,100755,blob,f11eb8b7f8b77b987c1563e1644f3d7813d6df4b
system-backend/deployment-core/install/install.sh,historical_only,,,,100755,blob,3f3b6b3379f5bada6d1223caf2bac81dacb8884c
system-backend/deployment-core/install/prepare-host.sh,historical_only,,,,100755,blob,6f85cf592800a8773ea14aa3cb6fd04be689793d
system-backend/deployment-core/install/update.sh,historical_only,,,,100755,blob,852f9925d9be672d0bcdaba860f674ea03a970e4
system-backend/deployment-core/jobs.py,historical_only,,,,100644,blob,1972efec65a60f59caca682a3d85a75fa745a399
system-backend/deployment-core/launch.py,historical_only,,,,100644,blob,c48aa658ac51fbe4665bff8eb397a2517c76836d
system-backend/deployment-core/main.py,historical_only,,,,100644,blob,2d89d7eb29d7aab3add55143a710586ea326a2f7
system-backend/deployment-core/static/app.js,historical_only,,,,100644,blob,c4e6d555dac46ded5a4011910ada294fb18e3023
system-backend/deployment-core/static/index.html,historical_only,,,,100644,blob,dbe5aef3507f6937c93a3b839baa6fbe2052e896
system-backend/deployment-core/static/style.css,historical_only,,,,100644,blob,0bfe3c48e7b18134862891d269414bdb501e48dd
system-backend/deployment-core/systemd/netcore-deployment.service,historical_only,,,,100644,blob,b8ba29a30ecb91f56fe76044567f96d8fbfc7fbe
system-backend/deployment-core/systemd/netcore-discovery.service,historical_only,,,,100644,blob,3d902364cc0538efbb9afacec8477249267c684c
system-backend/deployment-core/systemd/netcore-image-builder.service,historical_only,,,,100644,blob,cb19800d75eb970c684143bd67806ba91cff890b
system-backend/deployment-core/tests/browser.cjs,historical_only,,,,100644,blob,50774b96c9fdaece632f3e96ca3858a3e2d5baf2
system-backend/deployment-core/tests/image_smoke.py,historical_only,,,,100644,blob,4c8e0fc40cac25317047581703700d70c64b997f
system-backend/deployment-core/tests/serve_ui.py,historical_only,,,,100644,blob,77a8c2477c5743cbd71ee2f9bf45af4a52ae0675
system-backend/deployment-core/tests/test_core.py,historical_only,,,,100644,blob,b8eaa5ba55c10c6cbae0caf2edc24d44e76c6879
system-backend/deployment-core/tests/test_http.py,historical_only,,,,100644,blob,8adf5c49ff67688615d6310056938b1e284459fa
system-backend/deployment-core/tests/test_images.py,historical_only,,,,100644,blob,a4eaf2ba5af4fe2c1e361620ecf63d317fc8e54b
system-backend/deployment-core/tests/test_remote_jobs.py,historical_only,,,,100644,blob,b4229fcd1113f17f92268013f425c39dfa565a5b
system-backend/deployment-core/tests/test_repository_recovery.py,historical_only,,,,100644,blob,ed85fe2700f1a5f6ce25473f7ddddf198f1c2bf9
system-backend/deployment-core/tests/test_rollout_regressions.py,historical_only,,,,100644,blob,8a34018396a469c02771643f60ebf84969621875
system-backend/deployment-core/tests/vm_install_smoke.py,historical_only,,,,100644,blob,cf6ba0d9b389785d1306dc11703f1136da391e61
system-backend/directory/netcore-directory.py,different,100644,blob,0f03674f94dcb214bab9f075b90da55356bc38be,100644,blob,af33980bc3fcdb65968d9d06fd9cc59cfdae4f8d
system-backend/directory/web-ui/index.html,main_only,100644,blob,a63fc7d3dea25119bbf0f1f8a83b778a35438146,,,
system-backend/group-core/src/http.rs,different,100644,blob,93f788ac5c10a4a4e2569adf88801270d5bdd81d,100644,blob,18f30846f96bcf22200b5112feaebb5023172202
system-backend/group-core/web-ui/index.html,main_only,100644,blob,0fdb40d8ce2efa4cb5aa866da16c060789eb4d16,,,
system-backend/hardware-gateway/src/netcore_hardware_gateway.py,different,100644,blob,f24d9c4d52b3960026d6e69cad937b7faa6d3694,100644,blob,e36d1f55c6b1ddf20df02de06300af23048f03c4
system-backend/hardware-gateway/tests/test_shutdown.py,historical_only,,,,100644,blob,a73f41357cd3493f1ec46f2594d3cb5531164753
system-backend/hardware-gateway/web-ui/index.html,main_only,100644,blob,05ee516cc1868c61686b95b6d408b68dc30f9cb5,,,
system-backend/iot-gateway/install/install.sh,different,100644,blob,df089138937e469056049dd9950afc62d2f75ee7,100644,blob,c5a2ecf0af5de56c687b1053a47b9d7e67cf817c
system-backend/iot-gateway/src/http.rs,different,100644,blob,c94003208c48b5eac1c4b62d4d8f85e93d55a3c2,100644,blob,4228384ccfad68f8aa271074e3dfa2a393730d4d
system-backend/iot-gateway/web-ui/index.html,main_only,100644,blob,bd540b1b8a4e3a73230add70de4c955bd8931f8e,,,
system-backend/ip-gateway/src/http.rs,different,100644,blob,c390da4c7412f1e30482feaaa16a809692cd4114,100644,blob,d1fbafcd1598c4543fab661ff9130c1fb8136ed1
system-backend/ip-gateway/web-ui/index.html,main_only,100644,blob,98e312a60d6926327b174254b9c4362a3d94fc8d,,,
system-backend/kmf/src/http.rs,different,100644,blob,c3b5f567ab7cd8c8d74b7536d68bb4dcd3c71bdf,100644,blob,bba25f4a7dc859ad2ae43d220cea07f866d5a138
system-backend/kmf/web-ui/index.html,main_only,100644,blob,836054340f174e029aec6759d1abf7add1af9c0b,,,
system-backend/media-library/src/http.rs,different,100644,blob,39a6c10fa4f48ec8dc1ca981123b5adf969aaa04,100644,blob,ca08524385142c3928a37d18624216e38753e6c9
system-backend/media-library/tests/central_tts_reference.py,different,100644,blob,3289fb4563668863a49f8e5f27c686f64881f607,100644,blob,427f56bda536cad71a917b64a5c137829a8efce1
system-backend/media-library/web-ui/index.html,main_only,100644,blob,9623b744004a80ecd5157cb5e7cbcdf667ece4ca,,,
system-backend/media-switch/src/http.rs,different,100644,blob,70f22f2fb9eebe4459ee90e677006e00fcea749e,100644,blob,d583d8efd6d5d21dbe06e5ea8c4a0dcd89f62c9d
system-backend/media-switch/web-ui/index.html,main_only,100644,blob,e3c52d2ca47dbb507900a83b3ebdfec75a41fda2,,,
system-backend/mobility-core/src/http.rs,different,100644,blob,a41d7192738a0c488f80142788dcb1585b5e6b5b,100644,blob,0e2ff649f1403d62dcec6f2988be4485626c0419
system-backend/mobility-core/web-ui/index.html,main_only,100644,blob,0b3066c07a3a0eeee2180257a3a4ee48fe179de9,,,
system-backend/node-gateway/src/http.rs,different,100644,blob,4671bc7d32835d6c8c562a2979c8d1154735dae9,100644,blob,fc5c461d9d5f080e55881e687086ce777a4f7319
system-backend/node-gateway/src/ui.rs,different,100644,blob,be8ce4d7aca83351a9451d2c886bebf64e289812,100644,blob,10e8c5ca6579aa337f2743e7cd0b544ed3f12864
system-backend/node-gateway/web-ui/index.html,main_only,100644,blob,a5a7b7c742abf4654d68444d075652e15c6922a3,,,
system-backend/observability/README.md,different,100644,blob,47e47fe03c9e56c496b63cb7dedde8723172a746,100644,blob,21a1c4cf7ad844a712bad7a836c4eb34f15b9cdc
system-backend/observability/config/log-client.example.json,historical_only,,,,100644,blob,b5fef6b443bc9edf1af1297f8ee6aaa55fb83367
system-backend/observability/config/observability.example.toml,different,100644,blob,53342f12e72e98553fcdc5db60cc547fa35b1a35,100644,blob,b0ab7986c622bd8f384bba3b51d2e3aa95f6876e
system-backend/observability/config/openlab-hosts.json,historical_only,,,,100644,blob,a127354f76276928c6e2e82e858d439e1ab5afd5
system-backend/observability/config/syslog.example.json,historical_only,,,,100644,blob,02033de2d00cca49a4165926a1ac0b38909dce35
system-backend/observability/docs/syslog-update.md,historical_only,,,,100644,blob,143f97e9bcb75161abc1c150069b149a8a93b502
system-backend/observability/install/install-log-client.sh,historical_only,,,,100755,blob,241158e7842c50e24c2d1f70a73b63e4dd8e90f1
system-backend/observability/install/install-logging.sh,historical_only,,,,100644,blob,ccc2d697bb29c5ad55008489718e2dc73daa0927
system-backend/observability/install/install.sh,different,100644,blob,a04295efe3e9185499f81c754f4acd75c9e1a394,100644,blob,eb56785f006415eae81fb63bdf57ce84f66b54f1
system-backend/observability/install/rsyslog-apparmor.sh,historical_only,,,,100644,blob,44c822907671f6c4c006e2fa4aa02b597f4f2d64
system-backend/observability/install/seed-openlab.py,historical_only,,,,100644,blob,a73434faacb76e394f5ee4c57411204ae9f383a1
system-backend/observability/install/uninstall.sh,different,100644,blob,c02eaff7138a3e9a5e519471a2e7f5edb84cd0e3,100644,blob,2e5146c78a60c83c5b0bbcf1dcf8a774aa064630
system-backend/observability/install/update.sh,different,100644,blob,bb352a4a7f802db5b92b55a5130dfd7fc1bf2533,100644,blob,ce8a491378aa87181cfb4e5674a6f3b0e8ab7ffa
system-backend/observability/logging/apparmor-netcore,historical_only,,,,100644,blob,9294790f2f314ddbc3a2cfa0ec3ee76c0f6c6927
system-backend/observability/logging/log_client.py,historical_only,,,,100644,blob,07bfadf4ba3be2b88592e95e1256f68bec933085
system-backend/observability/logging/log_store.py,historical_only,,,,100644,blob,1ce11a296b1782707c0486b2782374241b11e48f
system-backend/observability/logging/receiver.rsyslog.conf,historical_only,,,,100644,blob,5d8ae4150deee74e3455a60ea6fb5d07efba819b
system-backend/observability/src/collector.rs,different,100644,blob,45b39fc53043776411fda4db7e4bbd5dda76895e,100644,blob,3a05eb0d4c615fad3f2f5f1ef7a1ade3a7d0a92f
system-backend/observability/src/config.rs,different,100644,blob,3feb0797c7cb4761b105cf18e50cf6a59bcf458d,100644,blob,325b595627fef8d66ab8541891e8540b060493c8
system-backend/observability/src/discovery.rs,historical_only,,,,100644,blob,f3fa84f881ed71248eb7df06dcbcdf1274301f39
system-backend/observability/src/http.rs,different,100644,blob,8619dc1727e84e45c68ac8987206e37dc6dd4758,100644,blob,c3b726dc3be6510cbfc24021e49c320f489fcf36
system-backend/observability/src/main.rs,different,100644,blob,da620f50b1237269a8bccdc6d39f0cbc4ad6ce92,100644,blob,e0ee363b6e27ba6db9e7456a1a7cc401234e7f46
system-backend/observability/src/state.rs,different,100644,blob,57b5fe906bca00a5054abda150fe4d1e2192ca6b,100644,blob,9bfaa5e2563c577e66b490fe969f997e3604e7d0
system-backend/observability/stack/prometheus/prometheus.yml,different,100644,blob,b0902442d5ee3cb1d513b854b521381ca4591528,100644,blob,0ba9762e000d4b60499bc0e4ab00fb2bb4c32e53
system-backend/observability/systemd/netcore-log-client-discovery.service,historical_only,,,,100644,blob,7c405de9370899a87e118f1062db352c35f1b615
system-backend/observability/systemd/netcore-log-client-discovery.timer,historical_only,,,,100644,blob,9796a2291b2f1e7184760a212ccb2740866aa833
system-backend/observability/systemd/netcore-log-client.service,historical_only,,,,100644,blob,38bc5dec412ad3f6e7f0f75108853ebc66b5b138
system-backend/observability/systemd/netcore-syslog-archive.service,historical_only,,,,100644,blob,49a8de9d1423b353da90c0aca4d5e8e5875cf5ae
system-backend/observability/systemd/netcore-syslog-archive.timer,historical_only,,,,100644,blob,b6e1a4a851557045d81715262d00d5cb3153bc46
system-backend/observability/systemd/netcore-syslog-preview.service,historical_only,,,,100644,blob,fb6fd8e8fcab0eaaa1f4b76dd730833d1481e5ad
system-backend/observability/systemd/netcore-syslog.service,historical_only,,,,100644,blob,b5071dc1def7cfcc5e89ab1818bf9a52c8d903d7
system-backend/observability/tests/browser-syslog.cjs,historical_only,,,,100644,blob,ef94864419722bf8ec83edb466dff643a841a8df
system-backend/observability/tests/native-syslog-smoke.py,historical_only,,,,100644,blob,d529402c8bdee9bab5082c56d8a702302d11d634
system-backend/observability/tests/test_syslog.py,historical_only,,,,100644,blob,1032b94b4e5aee9fcde9250b9459d3a1e0764d40
system-backend/observability/tests/test_syslog_wire.py,historical_only,,,,100644,blob,bf320b537ecf4a2a6ef6012a1d00a8fb32579cae
system-backend/observability/web-ui/index.html,main_only,100644,blob,a26366c840bff909ccc7fdb8d545455ed7070542,,,
system-backend/packet-core/src/http.rs,different,100644,blob,e9169960ad06fd7798419895bbeef721c6fc773a,100644,blob,170bd9b88c7b5044cfefc3323c7fb3f731a47d52
system-backend/packet-core/web-ui/index.html,main_only,100644,blob,f1d52669160234648d31c7e7f949f5eb40cc3e64,,,
system-backend/provisioning-core/src/http.rs,different,100644,blob,8af7776fe9aec2131956e858453606af0aa7d7e4,100644,blob,b6218d51a6dceeb7b0ff7378835143be450378e6
system-backend/provisioning-core/web-ui/index.html,main_only,100644,blob,17fc80e3911d3001060e20dd18fddd11c33a02e0,,,
system-backend/recorder/src/http.rs,different,100644,blob,ab49acd8bfbbb7d3f4300ff80b3a19265e7f86c5,100644,blob,4fe0418b6a9074d756b761dd43e1bbaa0de4b11b
system-backend/recorder/web-ui/index.html,main_only,100644,blob,de61026fef67a24d644d1a6b3c3a70553cfdd2e8,,,
system-backend/rf-monitor/src/netcore_rf_monitor.py,different,100644,blob,8757663ca42d511d5e88cacdacf73c56a3100324,100644,blob,ad32038468e6c7b6b78177b8c85c7717fe89e3c1
system-backend/rf-monitor/web-ui/index.html,main_only,100644,blob,427b388ccee1a34892801a60aa17c81585d3a553,,,
system-backend/roadmap.md,different,100644,blob,02a6ff5ed26a57d3b23b26cce6ca8744df782ea6,100644,blob,efa367c01eac3b24b36febf2d3faea08b3e05cb5
system-backend/sds-router/src/http.rs,different,100644,blob,8a5513be03b621ca3153b3990417a2e75c8de117,100644,blob,9a632e8f2ef06f12e250f334d3367df2a0e08fa0
system-backend/sds-router/web-ui/index.html,main_only,100644,blob,5fb7c8a368d475f1dc38016711dfec04bdc99ecc,,,
system-backend/security-core/src/http.rs,different,100644,blob,fed2afc9f6fddf201cdf951b7da32ad58e749ca1,100644,blob,7cdec833f816cb3524ce96d83cae4f5572aba066
system-backend/security-core/web-ui/index.html,main_only,100644,blob,d77d8c5f4f575ab7a740934024c1d587aa3026f0,,,
system-backend/services.toml,different,100644,blob,9c92b8cda42381bb9992e08860b1a5be428cd637,100644,blob,2a6ae1a1d5875705c5310c77c94f888c239534d2
system-backend/shared/install/lxc-network.sh,different,100644,blob,460ef8036c1cb1c6f6ddf36b5b677203c2915d6c,100644,blob,b885f34b9122bbb814c344dbeeee9518a47ba7d7
system-backend/shared/web-ui/README.md,different,100644,blob,9e079c69fde0c965a598bf1662c390bb9a848f73,100644,blob,62981b726827bed3f6e3f0f005632d7d11e86d7f
system-backend/shared/web-ui/assets/netcore-logo.data-uri,main_only,100644,blob,5c565edb7346824a0686d9a111a57ae0dba5ab23,,,
system-backend/shared/web-ui/assets/netcore.css,different,100644,blob,470cd376e2cc11034d3d3c060e82075fe81c1191,100644,blob,3d8ecaecc1dd763b363f9787dbe9c541843a4a47
system-backend/shared/web-ui/assets/service-design.css,main_only,100644,blob,216422856817cc91c257318ea37840b0a787ff9c,,,
system-backend/shared/web-ui/assets/service-design.js,main_only,100644,blob,8295a627a4242d0b6d600c5b3cc5c2a89c225910,,,
system-backend/shared/web-ui/assets/service-theme-init.js,main_only,100644,blob,cd7ccedd096bad677166770b1d3fcc4ccc76d243,,,
system-backend/shared/web-ui/service-design.rs,main_only,100644,blob,7b15c07fde87582fed65d984c5c4833c9fddc08d,,,
system-backend/shared/web-ui/tests/service-design.mjs,main_only,100644,blob,639654787e0a418cf6783ba32c7f4b9518409cd7,,,
system-backend/sip-switch/src/netcore_sip_switch.py,different,100644,blob,766fa5a677133cd4e419d49aab61d9bccaeb07c4,100644,blob,6570e9e8d4885e4198aae1d1fabc26b09c05c5c6
system-backend/sip-switch/web-ui/index.html,main_only,100644,blob,260457907decf6463e755eae111ab97d593b595d,,,
system-backend/subscriber-core/src/http.rs,different,100644,blob,fb36855440622511106bbcdf1cf880413ad8a5f2,100644,blob,6284a7ccb1819e07c8d414c08b2959b7315e3116
system-backend/subscriber-core/web-ui/index.html,main_only,100644,blob,ec624c2610515d19fc4af89ecd25ebd2687785e3,,,
system-backend/task-workflow/src/netcore_task_workflow.py,different,100644,blob,601b93501de264d11340c21cee6fe83eafcca268,100644,blob,4adcc7e031eb7b0c7e097922a2ce68be54d711fa
system-backend/task-workflow/web-ui/index.html,different,100644,blob,5e20737c36812d03e99d1dee2ae5649c0dcf93c5,100644,blob,2d6d8d66220b713f5eea42b481651273e5406ad6
system-backend/tbs-connect/server.py,different,100644,blob,66ee43f70e63872d893334aa9a8406c2efa0a071,100644,blob,7e8f75b2c813367e924c3e9571546e30b79e684f
system-backend/tbs-connect/web-ui/index.html,main_only,100644,blob,185edc76ffe783ccb1faa0ccc00ab6c680afd955,,,
system-backend/tbs-connect/web-ui/login.html,main_only,100644,blob,705b01a64f472c92a6ab2d7fffc42516a8795209,,,
system-backend/transit/src/http.rs,different,100644,blob,046eeb7fc98f5eb530eb7e43395fa875815d83e8,100644,blob,caf57a5d427ae3d5f9f694f2dc57ded28ddd6f73
system-backend/transit/web-ui/index.html,main_only,100644,blob,1a0b96ea476074a531e8a7321d4687756036b9bc,,,
tools/check_application_gateway.py,different,100644,blob,6c1c1ebc7f8c5243a8f148423427f616d012eab5,100644,blob,e1a36fddaa8505bd02460c5681a67c2b6869661c
tools/check_kmf.py,different,100644,blob,ca7028a93a47e5e6b2582cec60a467becd76596a,100644,blob,b0532cd636ee972a0e27a42e3baf08620b3f5af9
tools/check_media_library.py,different,100644,blob,772a865cbd8ceae111bffe1cb5564d092710fbd2,100644,blob,ccf08d871083fdb827f62e96a6e5ed30aa9ac6b2
tools/check_node_gateway.py,different,100644,blob,79545a076be0e56d76b4a77ffa70a07d0367ada4,100644,blob,d050d70ef1221ebc52155e096d4c5ecb28620eb2
tools/check_observability.py,different,100644,blob,44e3e20be625b6799f9b43a2764d76b797c0afd9,100644,blob,ab458a7a8e8caaac63a6bb7470eb52f036a961e0
tools/check_recorder.py,different,100644,blob,bb24b3429729e0fbee83f48d82b1399e338e2504,100644,blob,318e9998f759c8d738287b3ffacf85183ea58574
tools/check_security_core.py,different,100644,blob,66b6265476449a93166dde9aa739e721c57bcd5d,100644,blob,e63237109bd4d1d9b2c40c4dfc5dc9b6dd2d4f4a
tools/check_transit.py,different,100644,blob,9ff9db66cb3f8c2a1d275e5b2747b04bf30d23e1,100644,blob,7c4089eb69f86f9577deb0a01de58ae86c7d9118
tools/embed_auxiliary_service_design.py,main_only,100644,blob,09b58e58668c3f5ccfa7789e968bf148e86830ed,,,
tools/embed_edge_service_design.py,main_only,100644,blob,510d39b1c32391f0d80adf9f8c4ece1d3a5854a2,,,
tools/embed_service_design.py,main_only,100644,blob,6004977f4e68c43336d140fda89c9bc973e88d77,,,
tools/embed_workflow_service_design.py,main_only,100644,blob,2a4083e4df2bd0bf9530dc67639ee4993db39077,,,
tools/test_auxiliary_service_ui.mjs,main_only,100644,blob,6e0eb9e58b38d2b7d02d9bf7bcdac47d62f66d27,,,
tools/test_core_service_ui.mjs,main_only,100644,blob,32126211449856df4302bbb8743b2a5b3129849b,,,
tools/test_dashboard_ui.mjs,main_only,100644,blob,79594bd308a9a48ebf58adccce69db82bfef03a7,,,
tools/test_edge_service_ui.mjs,main_only,100644,blob,dd4f24d18f39f33c86499193fb77bb4b4177a9a9,,,
tools/test_media_service_ui.mjs,main_only,100644,blob,d2168813f47d817f1a5bb167e2d7e6b4ee1d21e3,,,
tools/test_workflow_service_ui.mjs,main_only,100644,blob,22e5d1a9b32514be36e4bc398b9645f433d2a70e,,,
wiki/Roadmap.md,different,100644,blob,55223e45e3a96d88095c109d1ffe834c3844d6bd,100644,blob,5e474de58a9749c3e8618438d8b3cb55b7797e8d
