Datei	Seiten	SHA256
ETSI.pdf	4100	9434dad1e7bc80ca39b0edadd8e3b9995fda5ae5f5c3dd565af05708d5059e38
en_30039201v010601p.pdf	182	788722e566098957bea1a9a5096e9dae1eace1da9f5d38c530c80230e5b9b9cb
en_30039202v030801p.pdf	1445	3f07b1e4ad73fabc16277a900006fc19844b3a882bbc2bc1d74d78f6156daf28
en_3003920303v010301p.pdf	251	94ca61038b3ff826e6adcfde56e00473dd996e1a47f9f84e7b9d2aa6c3133fd2
en_3003920304v010301p.pdf	28	8a38cc6238c6da726e4f07d7d377b2c827447a1448a60ee5ef2a126cb3a0ef9d
en_3003920308v010401p.pdf	22	4d993a25e35da7b1f2291ae281cb3ea5b3a7b702ab7eb3233bdf430a2c70909d
en_3003920313v010201p.pdf	191	b47d63853f83a6a4adda08c0e325c8ca13d358e2f8840bfba4bce430e600b1bd
en_3003920315v010500a.pdf	380	e959709667192e22d2dfeea51b48f9a579a4c107d952999056b7fad93a6d2100
en_30039205v020701p.pdf	320	10aaf78988ae4080c3dfe90165ee7f4f3fe8eda402e09fc1e6fa0a0ad890758d
en_30039207v030501p.pdf	216	df47af9a642b6eba7d7d5cf5fb7aa3f961e9e03bb912316bd2d189ce47344e08
en_30039209v010701p.pdf	46	cad45938bcdf2fa4e8063d4aa9e7d7c06c45f729d3c55dc033e00c27af9f2e06
en_3003921006v010401p.pdf	20	32b6ee43602ef88a0b5c209b1c69ad35ba8b2e660502257c2dfaa6205a346523
en_3003921018v010301p.pdf	17	4cc10bcd94d39201538639cefb529809729563f13f87cfe6ae52b44c253b0b8a
en_3003921101v010201p.pdf	44	852c17ea566757e80ecf0d2718ae7839d9e218aa4384b63d1277ed7e25d86c69
en_3003921114v010101p.pdf	23	ba1882df71dbb84a0c4f0f7dcea1dc8df968044457da03df9290a50e8821df32
en_3003921117v010102p.pdf	18	69ce800e352b1ecfc337416fd7b54c1bdf2d9270171af519ac2f5acc1ba85ca6
en_3003921201v010202p.pdf	56	4d5b56a188fb73c417d67b27da619cad2e49efb3b57306fd4ae51e140c018018
en_3003921216v010400a.pdf	67	c0ee7859f448c4072befc25905c29b751b5151d3590a880a2d654309a3ba6c02
en_30039401v030301p.pdf	169	2d9c327e5ccf1476335e1b7a4f58a0ca7afc93911c30e8aad5ed7dc9ccf3276a
en_30039502v010303p.pdf	94	ac716ca18082cc0fd2ee768a14f03deb48fa78a77e83751b1a6b319c7fc2106a
en_300812v020101p.pdf	156	196effeaae473a98244c89538e1562daa58bb1d74cbfe7de78e58ceeafbad18b
es_20081201v020205p.pdf	8	346dc545049a7397ca86831731bbc05e96f61ff047d6e7f6b7de56da3aa408e9
es_20081202v020401m.pdf	139	330f045a908eefd249fd7450e5b71bd08e8a7b20ce5b86dc9b87c9138a5c7268
ets_30039214e01v.pdf	61	2b703f3ebb883c90dab40e1b3d1a634a6acf9c9a20d468fd108ea02226c2bf2c
ts_10081201v020205p.pdf	8	96df75f5ddf1c3ae4ac75f796ee97babca68fa81aca22f39ba0e0658bd57eed1
