category,severity,scope,path,line,text
panic!,prüfen,Runtime,crates/tetra-config/src/bluestation/config.rs,604,"Err(e) => panic!(""Invalid stack configuration: {}"", e),"
panic!,Test-Assertion,Test,crates/tetra-config/src/bluestation/parsing.rs,459,"from_file(path).unwrap_or_else(|e| panic!(""example_config/config.toml must parse: {e}""));"
panic!,Test-Assertion,Test,crates/tetra-config/src/bluestation/parsing.rs,698,"let cfg = from_toml_str(toml).unwrap_or_else(|e| panic!(""documented optional blocks must parse when uncommented: {e}""));"
TODO/FIXME,technische Schuld,Runtime,crates/tetra-config/src/bluestation/sec_phy.rs,84,// TODO: should this error be returned somehow?
panic!,prüfen,Runtime,crates/tetra-config/src/bluestation/sec_phy.rs,85,"_ => panic!(""RX gain value must be a number""),"
TODO/FIXME,technische Schuld,Runtime,crates/tetra-config/src/bluestation/sec_phy.rs,103,// TODO: should this error be returned somehow?
panic!,prüfen,Runtime,crates/tetra-config/src/bluestation/sec_phy.rs,104,"_ => panic!(""TX gain value must be a number""),"
panic!,prüfen,Runtime,crates/tetra-core/src/bitbuffer.rs,107,"other => panic!(""from_bitstr: invalid character `{}`; only '0' or '1' allowed"", other),"
TODO/FIXME,technische Schuld,Runtime,crates/tetra-core/src/bitbuffer.rs,170,"// TODO bounds check here, optimize performance"
TODO/FIXME,technische Schuld,Runtime,crates/tetra-core/src/bitbuffer.rs,523,// TODO optimize performance
TODO/FIXME,technische Schuld,Runtime,crates/tetra-core/src/debug.rs,69,/// TODO revisit this approach
TODO/FIXME,technische Schuld,Runtime,crates/tetra-core/src/debug.rs,211,// TODO FIXME clean up at some point when new formatter is stable
TODO/FIXME,technische Schuld,Runtime,crates/tetra-core/src/phy_types.rs,30,/// TODO FIXME Merge SB1 and SB2 into SDB
TODO/FIXME,technische Schuld,Runtime,crates/tetra-core/src/ranges.rs,74,// TODO FIXME this could technically be even faster by starting mid-list and doing binary search
TODO/FIXME,technische Schuld,Runtime,crates/tetra-core/src/sap_fields.rs,35,"/// TODO FIXME, remove this option once all Layer2Service uses have been checked to have the right type"
Todo-Typ,Typ-Platzhalter,Runtime,crates/tetra-core/src/sap_fields.rs,37,"Todo,"
TODO/FIXME,technische Schuld,Runtime,crates/tetra-core/src/tdma_time.rs,111,// TODO handle overflow of hyperframe number
Todo-Typ,Typ-Platzhalter,Runtime,crates/tetra-core/src/tetra_common.rs,7,pub type Todo = i32;
panic!,prüfen,Runtime,crates/tetra-core/src/tx_receipt.rs,149,panic!(
panic!,prüfen,Runtime,crates/tetra-core/src/typed_pdu_fields.rs,241,"_ => panic!(), // Never happens"
unimplemented!,kritisch,Runtime,crates/tetra-core/src/typed_pdu_fields.rs,730,"unimplemented!(""can't generically write a type4 field"");"
unimplemented_log!,offener Runtime-Pfad,Runtime,crates/tetra-entities/src/cmce/cmce_bs.rs,263,"unimplemented_log!(""{:?}"", pdu_type);"
panic!,prüfen,Runtime,crates/tetra-entities/src/cmce/cmce_bs.rs,327,"panic!(""Unexpected message on LcmcSap: {:?}"", message.msg);"
unreachable!,prüfen,Runtime,crates/tetra-entities/src/cmce/cmce_bs.rs,336,unreachable!();
panic!,prüfen,Runtime,crates/tetra-entities/src/cmce/cmce_bs.rs,345,"panic!(""Unexpected control message: {:?}"", message.msg);"
panic!,prüfen,Runtime,crates/tetra-entities/src/cmce/cmce_bs.rs,349,"panic!(""Unexpected SAP: {:?}"", message.sap);"
panic!,Test-Assertion,Test,crates/tetra-entities/src/cmce/cmce_bs.rs,395,"panic!(""central SDS/status commands require SdsDeliveryResponse, got {response:?}"");"
panic!,Test-Assertion,Test,crates/tetra-entities/src/cmce/cmce_bs.rs,409,"panic!(""expected LCMC radio delivery request"");"
TODO/FIXME,technische Schuld,Runtime,crates/tetra-entities/src/cmce/components/circuit_mgr.rs,148,// TODO FIXME we may do a bit smarter allocation here
TODO/FIXME,technische Schuld,Runtime,crates/tetra-entities/src/cmce/components/circuit_mgr.rs,186,"circuit_mode: CircuitModeType::TchS, // TODO: only speech supported for now"
TODO/FIXME,technische Schuld,Runtime,crates/tetra-entities/src/cmce/components/circuit_mgr.rs,187,"// endpoint_id: 0, // TODO, we don't use endpoints as of yet"
TODO/FIXME,technische Schuld,Runtime,crates/tetra-entities/src/cmce/components/circuit_mgr.rs,190,"speech_service: Some(0), // TODO, only TETRA encoded speech for now"
TODO/FIXME,technische Schuld,Runtime,crates/tetra-entities/src/cmce/components/circuit_mgr.rs,191,"etee_encrypted: false,   // TODO, no encryption for now"
panic!,prüfen,Runtime,crates/tetra-entities/src/cmce/components/circuit_mgr.rs,325,"_ => panic!(),"
panic!,prüfen,Runtime,crates/tetra-entities/src/cmce/components/circuit_mgr.rs,356,"_ => panic!(),"
panic!,Test-Assertion,Test,crates/tetra-entities/src/cmce/subentities/cc_bs/central_control.rs,448,"panic!(""recursive callback loop"");"
TODO/FIXME,technische Schuld,Runtime,crates/tetra-entities/src/cmce/subentities/cc_bs/dtmf.rs,3,// TODO: This should probably be in U/D-Info
Todo-Typ,Typ-Platzhalter,Runtime,crates/tetra-entities/src/cmce/subentities/cc_bs/pdu.rs,1,use tetra_core::Todo;
Todo-Typ,Typ-Platzhalter,Runtime,crates/tetra-entities/src/cmce/subentities/cc_bs/pdu.rs,63,"/// `Todo` is the signed carrier-hint type used by `CmceChanAllocReq`, while a real TETRA carrier number is never negative."
Todo-Typ,Typ-Platzhalter,Runtime,crates/tetra-entities/src/cmce/subentities/cc_bs/pdu.rs,65,pub(super) const SECONDARY_CARRIER_HINT: Todo = -2;
Todo-Typ,Typ-Platzhalter,Runtime,crates/tetra-entities/src/cmce/subentities/cc_bs/pdu.rs,80,pub(super) fn carrier_hint_for_logical_ts(logical_ts: u8) -> Option<Todo> {
Todo-Typ,Typ-Platzhalter,Runtime,crates/tetra-entities/src/cmce/subentities/cc_bs/pdu.rs,155,// (the `Todo` default) is wrong and can stall/retry at LLC. The legacy `main` code
panic!,prüfen,Runtime,crates/tetra-entities/src/cmce/subentities/cc_bs/pdu.rs,649,panic!()
unimplemented_log!,offener Runtime-Pfad,Runtime,crates/tetra-entities/src/cmce/subentities/cc_bs/pdu.rs,969,"unimplemented_log!(""Area selection not supported: {}"", pdu.area_selection);"
unimplemented_log!,offener Runtime-Pfad,Runtime,crates/tetra-entities/src/cmce/subentities/cc_bs/pdu.rs,978,unimplemented_log!(
TODO/FIXME,technische Schuld,Runtime,crates/tetra-entities/src/cmce/subentities/cc_bs/pdu.rs,985,//     // TODO FIXME implement parsing
unimplemented_log!,offener Runtime-Pfad,Runtime,crates/tetra-entities/src/cmce/subentities/cc_bs/pdu.rs,992,"unimplemented_log!(""clir_control not supported: {}"", pdu.clir_control);"
unimplemented_log!,offener Runtime-Pfad,Runtime,crates/tetra-entities/src/cmce/subentities/cc_bs/pdu.rs,995,"unimplemented_log!(""U-SETUP called party not set (no SSI, short number or external number)"");"
unimplemented_log!,offener Runtime-Pfad,Runtime,crates/tetra-entities/src/cmce/subentities/cc_bs/pdu.rs,998,unimplemented_log!(
unimplemented_log!,offener Runtime-Pfad,Runtime,crates/tetra-entities/src/cmce/subentities/cc_bs/pdu.rs,1005,"unimplemented_log!(""facility not supported: {:?}"", v);"
unimplemented_log!,offener Runtime-Pfad,Runtime,crates/tetra-entities/src/cmce/subentities/cc_bs/pdu.rs,1008,"unimplemented_log!(""dm_ms_address not supported: {:?}"", v);"
unimplemented_log!,offener Runtime-Pfad,Runtime,crates/tetra-entities/src/cmce/subentities/cc_bs/pdu.rs,1011,"unimplemented_log!(""proprietary not supported: {:?}"", v);"
panic!,Test-Assertion,Test,crates/tetra-entities/src/cmce/subentities/cc_bs/pdu.rs,1895,"let SapMsgInner::LcmcMleUnitdataReq(release) = queue.pop_front().unwrap().msg else { panic!(""expected release"") };"
panic!,Test-Assertion,Test,crates/tetra-entities/src/cmce/subentities/cc_bs/pdu.rs,1901,"let SapMsgInner::LcmcMleUnitdataReq(fallback) = queue.pop_front().unwrap().msg else { panic!(""expected fallback"") };"
panic!,prüfen,Runtime,crates/tetra-entities/src/cmce/subentities/cc_bs/procedures/setup.rs,368,panic!()
panic!,prüfen,Runtime,crates/tetra-entities/src/cmce/subentities/cc_bs/procedures/setup.rs,528,panic!()
panic!,prüfen,Runtime,crates/tetra-entities/src/cmce/subentities/cc_bs/procedures/setup.rs,844,panic!()
panic!,prüfen,Runtime,crates/tetra-entities/src/cmce/subentities/cc_bs/procedures/uplink.rs,432,panic!()
unimplemented_log!,offener Runtime-Pfad,Runtime,crates/tetra-entities/src/cmce/subentities/cc_bs/procedures/uplink.rs,741,unimplemented_log!(
unimplemented_log!,offener Runtime-Pfad,Runtime,crates/tetra-entities/src/cmce/subentities/cc_bs/procedures/uplink.rs,857,unimplemented_log!(
panic!,prüfen,Runtime,crates/tetra-entities/src/cmce/subentities/cc_bs/state/mod.rs,134,".unwrap_or_else(|err| panic!(""invalid CMCE CC formal transition: {:?} + {:?}"", err.state, err.event))"
TODO/FIXME,technische Schuld,Runtime,crates/tetra-entities/src/cmce/subentities/cc_ms.rs,32,"// TODO FIXME: Besides these PDUs, we can also receive several signals (BUSY ind, CLOSE ind, etc)"
unimplemented_log!,offener Runtime-Pfad,Runtime,crates/tetra-entities/src/cmce/subentities/cc_ms.rs,35,"unimplemented_log!(""{}"", pdu_type);"
unimplemented_log!,offener Runtime-Pfad,Runtime,crates/tetra-entities/src/cmce/subentities/cc_ms.rs,38,"unimplemented_log!(""{}"", pdu_type);"
unimplemented_log!,offener Runtime-Pfad,Runtime,crates/tetra-entities/src/cmce/subentities/cc_ms.rs,41,"unimplemented_log!(""{}"", pdu_type);"
unimplemented_log!,offener Runtime-Pfad,Runtime,crates/tetra-entities/src/cmce/subentities/cc_ms.rs,44,"unimplemented_log!(""{}"", pdu_type);"
unimplemented_log!,offener Runtime-Pfad,Runtime,crates/tetra-entities/src/cmce/subentities/cc_ms.rs,47,"unimplemented_log!(""{}"", pdu_type);"
unimplemented_log!,offener Runtime-Pfad,Runtime,crates/tetra-entities/src/cmce/subentities/cc_ms.rs,50,"unimplemented_log!(""{}"", pdu_type);"
unimplemented_log!,offener Runtime-Pfad,Runtime,crates/tetra-entities/src/cmce/subentities/cc_ms.rs,53,"unimplemented_log!(""{}"", pdu_type);"
unimplemented_log!,offener Runtime-Pfad,Runtime,crates/tetra-entities/src/cmce/subentities/cc_ms.rs,56,"unimplemented_log!(""{}"", pdu_type);"
unimplemented_log!,offener Runtime-Pfad,Runtime,crates/tetra-entities/src/cmce/subentities/cc_ms.rs,59,"unimplemented_log!(""{}"", pdu_type);"
unimplemented_log!,offener Runtime-Pfad,Runtime,crates/tetra-entities/src/cmce/subentities/cc_ms.rs,62,"unimplemented_log!(""{}"", pdu_type);"
unimplemented_log!,offener Runtime-Pfad,Runtime,crates/tetra-entities/src/cmce/subentities/cc_ms.rs,65,"unimplemented_log!(""{}"", pdu_type);"
unimplemented_log!,offener Runtime-Pfad,Runtime,crates/tetra-entities/src/cmce/subentities/cc_ms.rs,68,"unimplemented_log!(""{}"", pdu_type);"
unimplemented_log!,offener Runtime-Pfad,Runtime,crates/tetra-entities/src/cmce/subentities/cc_ms.rs,71,"unimplemented_log!(""{}"", pdu_type);"
unimplemented_log!,offener Runtime-Pfad,Runtime,crates/tetra-entities/src/cmce/subentities/cc_ms.rs,74,"unimplemented_log!(""{}"", pdu_type);"
Todo-Typ,Typ-Platzhalter,Runtime,crates/tetra-entities/src/cmce/subentities/sds_bs.rs,10,"use tetra_core::{BitBuffer, Sap, SsiType, TdmaTime, TetraAddress, Todo, tetra_entities::TetraEntity, unimplemented_log};"
Todo-Typ,Typ-Platzhalter,Runtime,crates/tetra-entities/src/cmce/subentities/sds_bs.rs,73,const SECONDARY_CARRIER_HINT: Todo = -2;
Todo-Typ,Typ-Platzhalter,Runtime,crates/tetra-entities/src/cmce/subentities/sds_bs.rs,88,fn sds_carrier_hint(logical_ts: u8) -> Option<Todo> {
Todo-Typ,Typ-Platzhalter,Runtime,crates/tetra-entities/src/cmce/subentities/sds_bs.rs,1472,"_ => (false, None, Layer2Service::Todo),"
unimplemented_log!,offener Runtime-Pfad,Runtime,crates/tetra-entities/src/cmce/subentities/sds_bs.rs,2018,"unimplemented_log!(""SDS: short number addressing not supported"");"
unimplemented_log!,offener Runtime-Pfad,Runtime,crates/tetra-entities/src/cmce/subentities/sds_bs.rs,2025,"unimplemented_log!(""SDS: TSI extension addressing not supported"");"
unimplemented_log!,offener Runtime-Pfad,Runtime,crates/tetra-entities/src/cmce/subentities/sds_bs.rs,2028,"unimplemented_log!(""SDS: external_subscriber_number not supported"");"
unimplemented_log!,offener Runtime-Pfad,Runtime,crates/tetra-entities/src/cmce/subentities/sds_bs.rs,2031,"unimplemented_log!(""SDS: dm_ms_address not supported"");"
unimplemented_log!,offener Runtime-Pfad,Runtime,crates/tetra-entities/src/cmce/subentities/sds_bs.rs,2042,"unimplemented_log!(""SDS-STATUS: short number addressing not supported"");"
unimplemented_log!,offener Runtime-Pfad,Runtime,crates/tetra-entities/src/cmce/subentities/sds_bs.rs,2049,"unimplemented_log!(""SDS-STATUS: TSI extension addressing not supported"");"
unimplemented_log!,offener Runtime-Pfad,Runtime,crates/tetra-entities/src/cmce/subentities/sds_bs.rs,2052,"unimplemented_log!(""SDS-STATUS: external_subscriber_number not supported"");"
unimplemented_log!,offener Runtime-Pfad,Runtime,crates/tetra-entities/src/cmce/subentities/sds_bs.rs,2055,"unimplemented_log!(""SDS-STATUS: dm_ms_address not supported"");"
panic!,prüfen,Runtime,crates/tetra-entities/src/cmce/subentities/sds_ms.rs,20,panic!();
unimplemented_log!,offener Runtime-Pfad,Runtime,crates/tetra-entities/src/cmce/subentities/sds_ms.rs,33,"unimplemented_log!(""rx_sds_data not implemented"");"
panic!,prüfen,Runtime,crates/tetra-entities/src/cmce/subentities/sds_ms.rs,43,panic!();
TODO/FIXME,technische Schuld,Runtime,crates/tetra-entities/src/cmce/subentities/sds_ms.rs,55,"// TODO FIXME: Besides these PDUs, we can also receive several signals (BUSY ind, CLOSE ind, etc)"
unimplemented_log!,offener Runtime-Pfad,Runtime,crates/tetra-entities/src/cmce/subentities/sds_ms.rs,61,"unimplemented_log!(""rx_prim not implemented for SDS DStatus PDU"");"
panic!,prüfen,Runtime,crates/tetra-entities/src/cmce/subentities/sds_ms.rs,64,panic!();
unimplemented!,kritisch,Runtime,crates/tetra-entities/src/cmce/subentities/ss_ms.rs,17,unimplemented!();
TODO/FIXME,technische Schuld,Runtime,crates/tetra-entities/src/llc/components/fcs.rs,24,// TODO optimize by fetching up to 64 bits per iteration
unimplemented_log!,offener Runtime-Pfad,Runtime,crates/tetra-entities/src/llc/llc_bs_ms.rs,547,"unimplemented_log!(""LlcPduType Advanced Link: {}"", pdu_type);"
TODO/FIXME,technische Schuld,Runtime,crates/tetra-entities/src/llc/llc_bs_ms.rs,667,"req_handle: 0, // TODO FIXME"
TODO/FIXME,technische Schuld,Runtime,crates/tetra-entities/src/llc/llc_bs_ms.rs,684,"// address_type: 0, // TODO FIXME"
TODO/FIXME,technische Schuld,Runtime,crates/tetra-entities/src/llc/llc_bs_ms.rs,697,"report: None, // TODO FIXME"
TODO/FIXME,technische Schuld,Runtime,crates/tetra-entities/src/llc/llc_bs_ms.rs,708,"// address_type: 0, // TODO FIXME"
TODO/FIXME,technische Schuld,Runtime,crates/tetra-entities/src/llc/llc_bs_ms.rs,721,"req_handle: 0, // TODO FIXME"
TODO/FIXME,technische Schuld,Runtime,crates/tetra-entities/src/llc/llc_bs_ms.rs,936,"req_handle: 0, // TODO FIXME"
TODO/FIXME,technische Schuld,Runtime,crates/tetra-entities/src/llc/llc_bs_ms.rs,942,"subscriber_class: 0,            // TODO FIXME"
TODO/FIXME,technische Schuld,Runtime,crates/tetra-entities/src/llc/llc_bs_ms.rs,943,"air_interface_encryption: None, // TODO FIXME"
TODO/FIXME,technische Schuld,Runtime,crates/tetra-entities/src/llc/llc_bs_ms.rs,944,"stealing_repeats_flag: None,    // TODO FIXME"
TODO/FIXME,technische Schuld,Runtime,crates/tetra-entities/src/llc/llc_bs_ms.rs,945,"data_category: None,            // TODO FIXME"
TODO/FIXME,technische Schuld,Runtime,crates/tetra-entities/src/lmac/components/errorcontrol.rs,479,// TODO FIXME: Multi-bit error correction (Clause 8.3.1.1)
unimplemented!,kritisch,Runtime,crates/tetra-entities/src/lmac/components/errorcontrol_params.rs,100,"LogicalChannel::Tch24 => unimplemented!(),"
unimplemented!,kritisch,Runtime,crates/tetra-entities/src/lmac/components/errorcontrol_params.rs,101,"LogicalChannel::Tch48 => unimplemented!(),"
unimplemented!,kritisch,Runtime,crates/tetra-entities/src/lmac/components/errorcontrol_params.rs,102,"LogicalChannel::Tch72 => unimplemented!(),"
unimplemented!,kritisch,Runtime,crates/tetra-entities/src/lmac/components/errorcontrol_params.rs,104,"LogicalChannel::Blch => unimplemented!(),"
unimplemented!,kritisch,Runtime,crates/tetra-entities/src/lmac/components/errorcontrol_params.rs,105,"LogicalChannel::Clch => unimplemented!(),"
TODO/FIXME,technische Schuld,Runtime,crates/tetra-entities/src/lmac/lmac_bs.rs,23,// TODO FIXME: extend with all required fields
TODO/FIXME,technische Schuld,Runtime,crates/tetra-entities/src/lmac/lmac_bs.rs,180,"// TODO FIXME remove !burst_is_traffic guard, temporary fix only"
TODO/FIXME,technische Schuld,Runtime,crates/tetra-entities/src/lmac/lmac_bs.rs,299,"// TODO FIXME, for now, we're not passing broken CRC msgs up to Lmac"
panic!,Test-Assertion,Test,crates/tetra-entities/src/lmac/lmac_bs.rs,741,"let SapMsgInner::TmvUnitdataInd(ind) = message.msg else { panic!(""expected control PDU"") };"
TODO/FIXME,technische Schuld,Runtime,crates/tetra-entities/src/lmac/lmac_ms.rs,21,// TODO FIXME: extend with all required fields
TODO/FIXME,technische Schuld,Runtime,crates/tetra-entities/src/lmac/lmac_ms.rs,155,// TODO FIXME determine which KIND of traffic
unimplemented_log!,offener Runtime-Pfad,Runtime,crates/tetra-entities/src/lmac/lmac_ms.rs,171,"unimplemented_log!(""rx_blk_traffic: Traffic channel reception not implemented yet"");"
TODO/FIXME,technische Schuld,Runtime,crates/tetra-entities/src/lmac/lmac_ms.rs,193,"// TODO FIXME, for now, we're not passing broken CRC msgs up"
TODO/FIXME,technische Schuld,Runtime,crates/tetra-entities/src/lmac/lmac_ms.rs,199,// TODO FIXME maybe consider returning scramb_code from decode_cp
unimplemented_log!,offener Runtime-Pfad,Runtime,crates/tetra-entities/src/lmac/lmac_ms.rs,288,"unimplemented_log!(""TmvUnitdataReq"")"
TODO/FIXME,technische Schuld,Runtime,crates/tetra-entities/src/lmac/lmac_ms.rs,337,"assert!(mod_time == ts, ""time out of sync""); // TODO handle properly"
TODO/FIXME,technische Schuld,Runtime,crates/tetra-entities/src/mle/components/mle_router.rs,30,//         // TODO FIXME: Re-enable handle insertion once we start using this
Todo-Typ,Typ-Platzhalter,Runtime,crates/tetra-entities/src/mle/ltpd_runtime.rs,908,"Layer2Service::Acknowledged | Layer2Service::Todo => TxReporter::new(),"
Todo-Typ,Typ-Platzhalter,Runtime,crates/tetra-entities/src/mle/ltpd_runtime.rs,958,Layer2Service::Acknowledged | Layer2Service::Todo => {
panic!,Test-Assertion,Test,crates/tetra-entities/src/mle/ltpd_runtime.rs,1192,"other => panic!(""unexpected lower-layer primitive: {:?}"", other),"
unimplemented_log!,offener Runtime-Pfad,Runtime,crates/tetra-entities/src/mle/mle_bs.rs,65,"unimplemented_log!(""DNewCell"")"
unimplemented_log!,offener Runtime-Pfad,Runtime,crates/tetra-entities/src/mle/mle_bs.rs,68,"unimplemented_log!(""DPrepareFail"")"
unimplemented_log!,offener Runtime-Pfad,Runtime,crates/tetra-entities/src/mle/mle_bs.rs,71,"unimplemented_log!(""DNwrkBroadcast"")"
unimplemented_log!,offener Runtime-Pfad,Runtime,crates/tetra-entities/src/mle/mle_bs.rs,74,"unimplemented_log!(""DNwrkBroadcastExt"")"
TODO/FIXME,technische Schuld,Runtime,crates/tetra-entities/src/mle/mle_bs.rs,75,} // TODO FIXME CHECK this option and assocaited int
unimplemented_log!,offener Runtime-Pfad,Runtime,crates/tetra-entities/src/mle/mle_bs.rs,77,"unimplemented_log!(""DRestoreAck"")"
unimplemented_log!,offener Runtime-Pfad,Runtime,crates/tetra-entities/src/mle/mle_bs.rs,80,"unimplemented_log!(""DRestoreFail"")"
unimplemented_log!,offener Runtime-Pfad,Runtime,crates/tetra-entities/src/mle/mle_bs.rs,83,"unimplemented_log!(""DChannelResponse"")"
unimplemented_log!,offener Runtime-Pfad,Runtime,crates/tetra-entities/src/mle/mle_bs.rs,86,"unimplemented_log!(""ExtPdu"")"
TODO/FIXME,technische Schuld,Runtime,crates/tetra-entities/src/mle/mle_bs.rs,211,"chan_change_resp_req: false, // TODO FIXME"
TODO/FIXME,technische Schuld,Runtime,crates/tetra-entities/src/mle/mle_bs.rs,212,"chan_change_handle: None,    // TODO FIXME"
TODO/FIXME,technische Schuld,Runtime,crates/tetra-entities/src/mle/mle_bs.rs,229,"chan_change_resp_req: false, // TODO FIXME"
TODO/FIXME,technische Schuld,Runtime,crates/tetra-entities/src/mle/mle_bs.rs,230,"chan_change_handle: None,    // TODO FIXME"
unimplemented_log!,offener Runtime-Pfad,Runtime,crates/tetra-entities/src/mle/mle_bs.rs,246,"unimplemented_log!(""MleProtocolDiscriminator::TetraManagementEntity"");"
unimplemented_log!,offener Runtime-Pfad,Runtime,crates/tetra-entities/src/mle/mle_bs.rs,255,"unimplemented_log!(""rx_tlmc_prim called but TLMC SAP is not implemented"");"
TODO/FIXME,technische Schuld,Runtime,crates/tetra-entities/src/mle/mle_bs.rs,289,"subscriber_class: 0, // TODO fixme"
TODO/FIXME,technische Schuld,Runtime,crates/tetra-entities/src/mle/mle_bs.rs,294,"req_handle: 0, // TODO FIXME; should we pass the same handle here?"
unimplemented_log!,offener Runtime-Pfad,Runtime,crates/tetra-entities/src/mle/mle_bs.rs,317,"unimplemented_log!(""rx_tlpd_prim called but TLPD SAP is not implemented"");"
TODO/FIXME,technische Schuld,Runtime,crates/tetra-entities/src/mle/mle_bs.rs,357,"subscriber_class: 0, // TODO fixme"
TODO/FIXME,technische Schuld,Runtime,crates/tetra-entities/src/mle/mle_bs.rs,384,"subscriber_class: 0, // TODO fixme"
TODO/FIXME,technische Schuld,Runtime,crates/tetra-entities/src/mle/mle_bs.rs,389,"req_handle: 0, // TODO FIXME"
unimplemented_log!,offener Runtime-Pfad,Runtime,crates/tetra-entities/src/mle/mle_ms.rs,77,"unimplemented_log!(""DNewCell"")"
unimplemented_log!,offener Runtime-Pfad,Runtime,crates/tetra-entities/src/mle/mle_ms.rs,80,"unimplemented_log!(""DPrepareFail"")"
unimplemented_log!,offener Runtime-Pfad,Runtime,crates/tetra-entities/src/mle/mle_ms.rs,83,"unimplemented_log!(""DNwrkBroadcast"")"
unimplemented_log!,offener Runtime-Pfad,Runtime,crates/tetra-entities/src/mle/mle_ms.rs,86,"unimplemented_log!(""DNwrkBroadcastExt"")"
TODO/FIXME,technische Schuld,Runtime,crates/tetra-entities/src/mle/mle_ms.rs,87,} // TODO FIXME CHECK this option and assocaited int
unimplemented_log!,offener Runtime-Pfad,Runtime,crates/tetra-entities/src/mle/mle_ms.rs,89,"unimplemented_log!(""DRestoreAck"")"
unimplemented_log!,offener Runtime-Pfad,Runtime,crates/tetra-entities/src/mle/mle_ms.rs,92,"unimplemented_log!(""DRestoreFail"")"
unimplemented_log!,offener Runtime-Pfad,Runtime,crates/tetra-entities/src/mle/mle_ms.rs,95,"unimplemented_log!(""DChannelResponse"")"
unimplemented_log!,offener Runtime-Pfad,Runtime,crates/tetra-entities/src/mle/mle_ms.rs,98,"unimplemented_log!(""ExtPdu"")"
TODO/FIXME,technische Schuld,Runtime,crates/tetra-entities/src/mle/mle_ms.rs,178,"chan_change_resp_req: false, // TODO FIXME"
TODO/FIXME,technische Schuld,Runtime,crates/tetra-entities/src/mle/mle_ms.rs,179,"chan_change_handle: None,    // TODO FIXME"
TODO/FIXME,technische Schuld,Runtime,crates/tetra-entities/src/mle/mle_ms.rs,197,"chan_change_resp_req: false, // TODO FIXME"
TODO/FIXME,technische Schuld,Runtime,crates/tetra-entities/src/mle/mle_ms.rs,198,"chan_change_handle: None,    // TODO FIXME"
unimplemented_log!,offener Runtime-Pfad,Runtime,crates/tetra-entities/src/mle/mle_ms.rs,213,"unimplemented_log!(""MleProtocolDiscriminator::TetraManagementEntity"");"
TODO/FIXME,technische Schuld,Runtime,crates/tetra-entities/src/mle/mle_ms.rs,221,// TODO FIXME NOTE: This function is the same as the rx_tla_data_ind_bl.
TODO/FIXME,technische Schuld,Runtime,crates/tetra-entities/src/mle/mle_ms.rs,283,"chan_change_resp_req: false, // TODO FIXME"
TODO/FIXME,technische Schuld,Runtime,crates/tetra-entities/src/mle/mle_ms.rs,284,"chan_change_handle: None,    // TODO FIXME"
TODO/FIXME,technische Schuld,Runtime,crates/tetra-entities/src/mle/mle_ms.rs,302,"chan_change_resp_req: false, // TODO FIXME"
TODO/FIXME,technische Schuld,Runtime,crates/tetra-entities/src/mle/mle_ms.rs,303,"chan_change_handle: None,    // TODO FIXME"
unimplemented_log!,offener Runtime-Pfad,Runtime,crates/tetra-entities/src/mle/mle_ms.rs,318,"unimplemented_log!(""MleProtocolDiscriminator::TetraManagementEntity"");"
unimplemented_log!,offener Runtime-Pfad,Runtime,crates/tetra-entities/src/mle/mle_ms.rs,365,"unimplemented_log!(""rx_tlmb_tl_sysinfo_ind"");"
unimplemented_log!,offener Runtime-Pfad,Runtime,crates/tetra-entities/src/mle/mle_ms.rs,428,"unimplemented_log!(""rx_tlmb_tl_sync_ind"");"
TODO/FIXME,technische Schuld,Runtime,crates/tetra-entities/src/mle/mle_ms.rs,449,//     // TODO FIXME: This is ugly. We should pass the message through all the intermediate layers
TODO/FIXME,technische Schuld,Runtime,crates/tetra-entities/src/mle/mle_ms.rs,542,"subscriber_class: 0, // TODO fixme"
TODO/FIXME,technische Schuld,Runtime,crates/tetra-entities/src/mle/mle_ms.rs,547,"req_handle: 0, // TODO FIXME; should we pass the same handle here?"
unimplemented_log!,offener Runtime-Pfad,Runtime,crates/tetra-entities/src/mle/mle_ms.rs,574,"unimplemented_log!(""rx_tlpd_prim called but TLPD SAP is not implemented"");"
TODO/FIXME,technische Schuld,Runtime,crates/tetra-entities/src/mle/mle_ms.rs,614,"subscriber_class: 0, // TODO fixme"
TODO/FIXME,technische Schuld,Runtime,crates/tetra-entities/src/mle/mle_ms.rs,619,"req_handle: 0, // TODO FIXME"
Todo-Typ,Typ-Platzhalter,Runtime,crates/tetra-entities/src/mm/components/not_supported.rs,39,"layer2service: Layer2Service::Todo,"
panic!,Test-Assertion,Test,crates/tetra-entities/src/mm/components/recovery_cache.rs,297,"cache.maybe_flush(|| panic!(""snapshot must not be called when clean""));"
unimplemented_log!,offener Runtime-Pfad,Runtime,crates/tetra-entities/src/mm/mm_bs.rs,1126,"unimplemented_log!(""{:?}"", pdu.status_uplink)"
unimplemented_log!,offener Runtime-Pfad,Runtime,crates/tetra-entities/src/mm/mm_bs.rs,1134,"unimplemented_log!(""Unhandled UMmStatus type {:?}"", pdu.status_uplink);"
TODO/FIXME,technische Schuld,Runtime,crates/tetra-entities/src/mm/mm_bs.rs,1297,"reserved: false,                 // TODO FIXME Guessed proper value of reserved field"
unimplemented_log!,offener Runtime-Pfad,Runtime,crates/tetra-entities/src/mm/mm_bs.rs,1346,"MmPduTypeUl::UAuthentication => unimplemented_log!(""UAuthentication""),"
unimplemented_log!,offener Runtime-Pfad,Runtime,crates/tetra-entities/src/mm/mm_bs.rs,1350,"MmPduTypeUl::UCkChangeResult => unimplemented_log!(""UCkChangeResult""),"
unimplemented_log!,offener Runtime-Pfad,Runtime,crates/tetra-entities/src/mm/mm_bs.rs,1351,"MmPduTypeUl::UOtar => unimplemented_log!(""UOtar""),"
unimplemented_log!,offener Runtime-Pfad,Runtime,crates/tetra-entities/src/mm/mm_bs.rs,1352,"MmPduTypeUl::UInformationProvide => unimplemented_log!(""UInformationProvide""),"
unimplemented_log!,offener Runtime-Pfad,Runtime,crates/tetra-entities/src/mm/mm_bs.rs,1356,"MmPduTypeUl::UDisableStatus => unimplemented_log!(""UDisableStatus""),"
unimplemented_log!,offener Runtime-Pfad,Runtime,crates/tetra-entities/src/mm/mm_bs.rs,1357,"MmPduTypeUl::MmPduFunctionNotSupported => unimplemented_log!(""MmPduFunctionNotSupported""),"
unimplemented_log!,offener Runtime-Pfad,Runtime,crates/tetra-entities/src/mm/mm_bs.rs,1375,"unimplemented_log!(""GroupIdentityUplink without gssi field"");"
unimplemented_log!,offener Runtime-Pfad,Runtime,crates/tetra-entities/src/mm/mm_bs.rs,1379,"unimplemented_log!(""Only support GroupIdentityUplink with address_type 0"");"
unimplemented_log!,offener Runtime-Pfad,Runtime,crates/tetra-entities/src/mm/mm_bs.rs,1849,"unimplemented_log!(""Unsupported address_extension present"");"
unimplemented_log!,offener Runtime-Pfad,Runtime,crates/tetra-entities/src/mm/mm_bs.rs,1852,"unimplemented_log!(""Unsupported proprietary present"");"
unimplemented_log!,offener Runtime-Pfad,Runtime,crates/tetra-entities/src/mm/mm_bs.rs,1889,"unimplemented_log!(""Unsupported {}"", pdu.location_update_type);"
unimplemented_log!,offener Runtime-Pfad,Runtime,crates/tetra-entities/src/mm/mm_bs.rs,1893,"unimplemented_log!(""Unsupported request_to_append_la == true"");"
unimplemented_log!,offener Runtime-Pfad,Runtime,crates/tetra-entities/src/mm/mm_bs.rs,1897,"unimplemented_log!(""Unsupported cipher_control == true"");"
unimplemented_log!,offener Runtime-Pfad,Runtime,crates/tetra-entities/src/mm/mm_bs.rs,1901,"unimplemented_log!(""Unsupported ciphering_parameters present"");"
unimplemented_log!,offener Runtime-Pfad,Runtime,crates/tetra-entities/src/mm/mm_bs.rs,1905,"unimplemented_log!(""Unsupported la_information present"");"
unimplemented_log!,offener Runtime-Pfad,Runtime,crates/tetra-entities/src/mm/mm_bs.rs,1917,"unimplemented_log!(""Unsupported authentication_uplink present"");"
unimplemented_log!,offener Runtime-Pfad,Runtime,crates/tetra-entities/src/mm/mm_bs.rs,1920,"unimplemented_log!(""Unsupported extended_capabilities present"");"
unimplemented_log!,offener Runtime-Pfad,Runtime,crates/tetra-entities/src/mm/mm_bs.rs,1923,"unimplemented_log!(""Unsupported proprietary present"");"
unimplemented_log!,offener Runtime-Pfad,Runtime,crates/tetra-entities/src/mm/mm_bs.rs,1934,"unimplemented_log!(""Unsupported group_identity_report == true"");"
unimplemented_log!,offener Runtime-Pfad,Runtime,crates/tetra-entities/src/mm/mm_bs.rs,1937,"unimplemented_log!(""Missing group_identity_uplink"");"
unimplemented_log!,offener Runtime-Pfad,Runtime,crates/tetra-entities/src/mm/mm_bs.rs,1944,"unimplemented_log!(""Unsupported proprietary present"");"
unimplemented_log!,offener Runtime-Pfad,Runtime,crates/tetra-entities/src/mm/mm_ms.rs,49,"MmPduTypeDl::DOtar => unimplemented_log!(""DOtar""),"
unimplemented_log!,offener Runtime-Pfad,Runtime,crates/tetra-entities/src/mm/mm_ms.rs,50,"MmPduTypeDl::DAuthentication => unimplemented_log!(""DAuthentication""),"
unimplemented_log!,offener Runtime-Pfad,Runtime,crates/tetra-entities/src/mm/mm_ms.rs,51,"MmPduTypeDl::DCkChangeDemand => unimplemented_log!(""DCkChangeDemand""),"
unimplemented_log!,offener Runtime-Pfad,Runtime,crates/tetra-entities/src/mm/mm_ms.rs,52,"MmPduTypeDl::DDisable => unimplemented_log!(""DDisable""),"
unimplemented_log!,offener Runtime-Pfad,Runtime,crates/tetra-entities/src/mm/mm_ms.rs,53,"MmPduTypeDl::DEnable => unimplemented_log!(""DEnable""),"
unimplemented_log!,offener Runtime-Pfad,Runtime,crates/tetra-entities/src/mm/mm_ms.rs,54,"MmPduTypeDl::DLocationUpdateAccept => unimplemented_log!(""DLocationUpdateAccept""),"
unimplemented_log!,offener Runtime-Pfad,Runtime,crates/tetra-entities/src/mm/mm_ms.rs,55,"MmPduTypeDl::DLocationUpdateCommand => unimplemented_log!(""DLocationUpdateCommand""),"
unimplemented_log!,offener Runtime-Pfad,Runtime,crates/tetra-entities/src/mm/mm_ms.rs,56,"MmPduTypeDl::DLocationUpdateReject => unimplemented_log!(""DLocationUpdateReject""),"
unimplemented_log!,offener Runtime-Pfad,Runtime,crates/tetra-entities/src/mm/mm_ms.rs,57,"MmPduTypeDl::DLocationUpdateProceeding => unimplemented_log!(""DLocationUpdateProceeding""),"
unimplemented_log!,offener Runtime-Pfad,Runtime,crates/tetra-entities/src/mm/mm_ms.rs,58,"MmPduTypeDl::DAttachDetachGroupIdentity => unimplemented_log!(""DAttachDetachGroupIdentity""),"
unimplemented_log!,offener Runtime-Pfad,Runtime,crates/tetra-entities/src/mm/mm_ms.rs,59,"MmPduTypeDl::DAttachDetachGroupIdentityAcknowledgement => unimplemented_log!(""DAttachDetachGroupIdentityAcknowledgement""),"
unimplemented_log!,offener Runtime-Pfad,Runtime,crates/tetra-entities/src/mm/mm_ms.rs,60,"MmPduTypeDl::DMmStatus => unimplemented_log!(""DMmStatus""),"
unimplemented_log!,offener Runtime-Pfad,Runtime,crates/tetra-entities/src/mm/mm_ms.rs,61,"MmPduTypeDl::MmPduFunctionNotSupported => unimplemented_log!(""MmPduFunctionNotSupported""),"
panic!,Test-Assertion,Test,crates/tetra-entities/src/net_asterisk/media_worker.rs,96,"let MediaOutput::Downlink(tetra) = frame.value else { panic!(""codec unavailable"") };"
panic!,Test-Assertion,Test,crates/tetra-entities/src/net_asterisk/media_worker.rs,100,"let MediaOutput::Uplink(pcmu) = frame.value else { panic!(""wrong direction"") };"
TODO/FIXME,technische Schuld,Runtime,crates/tetra-entities/src/net_brew/entity.rs,2074,"// TODO: should be sent after the radio ACKs on the air interface (LLC BL-ACK),"
panic!,Test-Assertion,Test,crates/tetra-entities/src/net_brew/protocol.rs,977,"panic!(""Expected GroupTransmission"");"
panic!,Test-Assertion,Test,crates/tetra-entities/src/net_brew/protocol.rs,980,"panic!(""Expected CallControl"");"
panic!,Test-Assertion,Test,crates/tetra-entities/src/net_brew/protocol.rs,1011,"panic!(""Expected GroupTransmission"");"
panic!,Test-Assertion,Test,crates/tetra-entities/src/net_brew/protocol.rs,1014,"panic!(""Expected CallControl"");"
panic!,Test-Assertion,Test,crates/tetra-entities/src/net_brew/protocol.rs,1046,"panic!(""Expected CircularCall"");"
panic!,Test-Assertion,Test,crates/tetra-entities/src/net_brew/protocol.rs,1049,"panic!(""Expected CallControl"");"
panic!,Test-Assertion,Test,crates/tetra-entities/src/net_brew/protocol.rs,1073,panic!();
panic!,Test-Assertion,Test,crates/tetra-entities/src/net_brew/protocol.rs,1076,panic!();
panic!,Test-Assertion,Test,crates/tetra-entities/src/net_brew/protocol.rs,1099,"panic!(""Expected Frame message"");"
panic!,Test-Assertion,Test,crates/tetra-entities/src/net_brew/protocol.rs,1125,"panic!(""Expected ShortTransfer payload"");"
panic!,Test-Assertion,Test,crates/tetra-entities/src/net_brew/protocol.rs,1128,"panic!(""Expected CallControl message"");"
panic!,Test-Assertion,Test,crates/tetra-entities/src/net_brew/protocol.rs,1147,"panic!(""Expected Frame message"");"
panic!,Test-Assertion,Test,crates/tetra-entities/src/net_brew/protocol.rs,1166,"panic!(""Expected ShortTransfer payload"");"
panic!,Test-Assertion,Test,crates/tetra-entities/src/net_brew/protocol.rs,1169,"panic!(""Expected CallControl message"");"
panic!,Test-Assertion,Test,crates/tetra-entities/src/net_brew/protocol.rs,1188,"panic!(""Expected Cause payload"");"
panic!,Test-Assertion,Test,crates/tetra-entities/src/net_brew/protocol.rs,1191,"panic!(""Expected CallControl message"");"
panic!,Test-Assertion,Test,crates/tetra-entities/src/net_brew/protocol.rs,1213,"panic!(""Expected Frame message"");"
TODO/FIXME,technische Schuld,Runtime,crates/tetra-entities/src/net_brew/worker.rs,700,// TODO FIXME we could check whether this call is indeed a brew ssi here
TODO/FIXME,technische Schuld,Runtime,crates/tetra-entities/src/net_brew/worker.rs,714,// TODO FIXME we could check whether this call is indeed a brew ssi here
TODO/FIXME,technische Schuld,Runtime,crates/tetra-entities/src/net_brew/worker.rs,790,// TODO FIXME we could check whether this call is indeed a brew call here
TODO/FIXME,technische Schuld,Runtime,crates/tetra-entities/src/net_brew/worker.rs,962,// TODO FIXME we could check whether this call is indeed a brew call here
TODO/FIXME,technische Schuld,Runtime,crates/tetra-entities/src/net_brew/worker.rs,979,// TODO FIXME we could split into multiple SDS messages here
panic!,Test-Assertion,Test,crates/tetra-entities/src/net_control/channel.rs,197,"panic!(""expected CommandAResponse"");"
panic!,Test-Assertion,Test,crates/tetra-entities/src/net_control/channel.rs,233,"panic!(""expected Command::SendSds variant"");"
panic!,Test-Assertion,Test,crates/tetra-entities/src/net_control/codec.rs,114,"panic!(""expected CommandA"");"
panic!,Test-Assertion,Test,crates/tetra-entities/src/net_control/codec.rs,132,"panic!(""expected CommandA"");"
panic!,Test-Assertion,Test,crates/tetra-entities/src/net_control/codec.rs,147,"panic!(""expected CommandAResponse"");"
panic!,Test-Assertion,Test,crates/tetra-entities/src/net_control/codec.rs,162,"panic!(""expected SendSdsResponse"");"
panic!,Test-Assertion,Test,crates/tetra-entities/src/net_control/codec.rs,228,"panic!(""expected SdsDeliveryResponse"");"
panic!,Test-Assertion,Test,crates/tetra-entities/src/net_telemetry/channel.rs,137,"panic!(""expected Attach variant"");"
panic!,Test-Assertion,Test,crates/tetra-entities/src/net_telemetry/codec.rs,79,"panic!(""expected Registration"");"
panic!,Test-Assertion,Test,crates/tetra-entities/src/net_telemetry/codec.rs,93,"panic!(""expected Registration"");"
unimplemented!,kritisch,Runtime,crates/tetra-entities/src/network/transports/tcp.rs,184,"unimplemented!(""TCP transport does not support unreliable messaging"")"
unimplemented!,kritisch,Runtime,crates/tetra-entities/src/network/transports/tcp.rs,255,"unimplemented!(""TCP transport does not support unreliable messaging"")"
TODO/FIXME,technische Schuld,Runtime,crates/tetra-entities/src/phy/components/demodulator.rs,153,// TODO set this to a reasonable value once FCFB delay and SDR delay
TODO/FIXME,technische Schuld,Runtime,crates/tetra-entities/src/phy/components/demodulator.rs,230,// TODO: figure out maximum step that still makes sure
TODO/FIXME,technische Schuld,Runtime,crates/tetra-entities/src/phy/components/demodulator.rs,271,} // TODO: a shorter window could be used for Mode::DlUnsynchronized
unreachable!,prüfen,Runtime,crates/tetra-entities/src/phy/components/demodulator.rs,308,"_ => unreachable!(),"
TODO/FIXME,technische Schuld,Runtime,crates/tetra-entities/src/phy/components/demodulator.rs,366,// TODO: also consider symbol timing phase here
unreachable!,prüfen,Runtime,crates/tetra-entities/src/phy/components/demodulator.rs,400,"Mode::Idle => unreachable!(),"
unreachable!,prüfen,Runtime,crates/tetra-entities/src/phy/components/demodulator.rs,418,"_ => unreachable!(),"
panic!,prüfen,Runtime,crates/tetra-entities/src/phy/components/fcfb.rs,118,"panic!(""FFT size must be a multiple of {}. {} is not."", required, fft_size);"
TODO/FIXME,technische Schuld,Runtime,crates/tetra-entities/src/phy/components/fcfb.rs,506,// TODO: handle wrap-around without computing a modulo for each bin
TODO/FIXME,technische Schuld,Runtime,crates/tetra-entities/src/phy/components/modulator.rs,76,// TODO: adjust self.reference_time when hyperframe number wraps to 0.
panic!,prüfen,Runtime,crates/tetra-entities/src/phy/components/phy_io_file.rs,119,panic!(); // never happens
panic!,Test-Assertion,Test,crates/tetra-entities/src/phy/components/slotter.rs,278,"_ => panic!(""invalid dibit: {dibit:?}""),"
TODO/FIXME,technische Schuld,Runtime,crates/tetra-entities/src/phy/components/soapy_dev.rs,86,// TODO FIXME currently no MS and MON support in the below statement; need to fix
panic!,prüfen,Runtime,crates/tetra-entities/src/phy/components/soapy_dev.rs,147,"panic!(""Failed to open SDR device: {e}"");"
TODO/FIXME,technische Schuld,Runtime,crates/tetra-entities/src/phy/components/soapy_dev.rs,212,// TODO multiple demodulators
TODO/FIXME,technische Schuld,Runtime,crates/tetra-entities/src/phy/components/soapy_dev.rs,419,// TODO: avoid dynamic allocation here?
TODO/FIXME,technische Schuld,Runtime,crates/tetra-entities/src/phy/components/soapy_dev.rs,493,"initial_time: 0, // TODO: get it from RX"
TODO/FIXME,technische Schuld,Runtime,crates/tetra-entities/src/phy/components/soapy_dev.rs,704,// TODO: include delay of FCFB in sample count
TODO/FIXME,technische Schuld,Runtime,crates/tetra-entities/src/phy/components/soapy_dev.rs,771,// TODO: include delay of FCFB in sample count
TODO/FIXME,technische Schuld,Runtime,crates/tetra-entities/src/phy/components/soapy_settings.rs,88,// TODO: add other USRP models if needed
TODO/FIXME,technische Schuld,Runtime,crates/tetra-entities/src/phy/components/soapy_settings.rs,186,// TODO: check for extra gain fields in cfg
TODO/FIXME,technische Schuld,Runtime,crates/tetra-entities/src/phy/components/soapy_settings.rs,299,// TODO: pass detected clock rate or list of supported sample rates
TODO/FIXME,technische Schuld,Runtime,crates/tetra-entities/src/phy/components/soapy_settings.rs,377,// TODO: check if sample rate could be increased to 1024e3.
unimplemented!,kritisch,Runtime,crates/tetra-entities/src/phy/components/soapyio.rs,141,"unimplemented!(""Monitor mode not implemented yet"");"
TODO/FIXME,technische Schuld,Runtime,crates/tetra-entities/src/phy/components/train_consts.rs,6,pub const HALFSLOT_TYPE4_BITS: usize = 255; // TODO FIXME check if this is indeed type4
TODO/FIXME,technische Schuld,Runtime,crates/tetra-entities/src/phy/components/train_consts.rs,9,pub const TIMESLOT_TYPE4_BITS: usize = 255 * 2; // TODO FIXME check if this is indeed type4
unimplemented_log!,offener Runtime-Pfad,Runtime,crates/tetra-entities/src/phy/phy_bs.rs,506,"unimplemented_log!(""rx_tpc_prim: TPC SAP not implemented"");"
unreachable!,prüfen,Runtime,crates/tetra-entities/src/sndcp/packet_gateway.rs,602,"PacketGatewayFirewallBackend::Auto => unreachable!(),"
panic!,Test-Assertion,Test,crates/tetra-entities/src/sndcp/protocol.rs,1818,"let SnPdu::DataTransmitRequest(decoded) = decoded else { panic!(""wrong PDU"") };"
panic!,Test-Assertion,Test,crates/tetra-entities/src/sndcp/protocol.rs,1839,"let SnPdu::Reconnect(decoded) = decoded else { panic!(""wrong PDU"") };"
unreachable!,prüfen,Runtime,crates/tetra-entities/src/sndcp/qos.rs,123,"_ => unreachable!(),"
unreachable!,prüfen,Runtime,crates/tetra-entities/src/sndcp/qos.rs,143,"_ => unreachable!(),"
Todo-Typ,Typ-Platzhalter,Runtime,crates/tetra-entities/src/sndcp/sndcp_bs.rs,15,"use tetra_core::{BitBuffer, Layer2Service, Sap, TdmaTime, TimeslotOwner, Todo};"
Todo-Typ,Typ-Platzhalter,Runtime,crates/tetra-entities/src/sndcp/sndcp_bs.rs,50,const SECONDARY_CARRIER_HINT: Todo = -2;
Todo-Typ,Typ-Platzhalter,Runtime,crates/tetra-entities/src/sndcp/sndcp_bs.rs,728,fn carrier_hint(logical_ts: u8) -> Option<Todo> {
unreachable!,prüfen,Runtime,crates/tetra-entities/src/sndcp/sndcp_bs.rs,2438,"ContextAvailability::Reserved(_) => unreachable!(),"
unreachable!,prüfen,Runtime,crates/tetra-entities/src/sndcp/state.rs,625,"_ => unreachable!(),"
unreachable!,prüfen,Runtime,crates/tetra-entities/src/sndcp/state.rs,652,"_ => unreachable!(),"
unreachable!,prüfen,Runtime,crates/tetra-entities/src/sndcp/state.rs,680,"_ => unreachable!(),"
unreachable!,prüfen,Runtime,crates/tetra-entities/src/sndcp/state.rs,706,"_ => unreachable!(),"
unreachable!,prüfen,Runtime,crates/tetra-entities/src/sndcp/state.rs,723,"_ => unreachable!(),"
Todo-Typ,Typ-Platzhalter,Runtime,crates/tetra-entities/src/umac/subcomp/bs_defrag.rs,6,"use tetra_core::{BitBuffer, TdmaTime, TetraAddress, Todo};"
TODO/FIXME,technische Schuld,Runtime,crates/tetra-entities/src/umac/subcomp/bs_defrag.rs,15,const DEFRAG_TS_BEFORE_TIMEOUT: i32 = 10 * 4; // TODO check documentation. 10 frames.
Todo-Typ,Typ-Platzhalter,Runtime,crates/tetra-entities/src/umac/subcomp/bs_defrag.rs,78,"pub fn insert_first(&mut self, bitbuffer: &mut BitBuffer, t: TdmaTime, addr: TetraAddress, aie_info: Option<Todo>) {"
Todo-Typ,Typ-Platzhalter,Runtime,crates/tetra-entities/src/umac/subcomp/bs_defrag.rs,199,"pub fn get_aie_info(&self, ssi: u32, t: TdmaTime) -> Option<&Todo> {"
TODO/FIXME,technische Schuld,Runtime,crates/tetra-entities/src/umac/subcomp/bs_frag.rs,143,/// TODO FIXME: support adding ChanAlloc element in MAC-END
Todo-Typ,Typ-Platzhalter,Runtime,crates/tetra-entities/src/umac/subcomp/bs_sched.rs,5,"BitBuffer, Direction, LinkId, PhyBlockNum, PhysicalChannel, SsiType, TdmaTime, TetraAddress, Todo, TxReporter, unimplemented_log,"
Todo-Typ,Typ-Platzhalter,Runtime,crates/tetra-entities/src/umac/subcomp/bs_sched.rs,169,"Broadcast(Todo),"
unreachable!,prüfen,Runtime,crates/tetra-entities/src/umac/subcomp/bs_sched.rs,547,"_ => unreachable!(""ul_process_cap_req: subslot must be 1 or 2, got {}"", subslot),"
unreachable!,prüfen,Runtime,crates/tetra-entities/src/umac/subcomp/bs_sched.rs,593,"_ => unreachable!(),"
unreachable!,prüfen,Runtime,crates/tetra-entities/src/umac/subcomp/bs_sched.rs,624,"_ => unreachable!(""ul2 can't be set with ul1 None""),"
unimplemented!,kritisch,Runtime,crates/tetra-entities/src/umac/subcomp/bs_sched.rs,948,"unimplemented!(""Broadcast scheduling not implemented yet"");"
TODO/FIXME,technische Schuld,Runtime,crates/tetra-entities/src/umac/subcomp/bs_sched.rs,1041,// TODO FIXME: it's possibly the best idea to still add fill bits trailing this null pdu.
unreachable!,prüfen,Runtime,crates/tetra-entities/src/umac/subcomp/bs_sched.rs,1170,"_ => unreachable!(),"
unreachable!,prüfen,Runtime,crates/tetra-entities/src/umac/subcomp/bs_sched.rs,1194,"_ => unreachable!(""BUG: unhandled match variant -- should never be reached""),"
unreachable!,prüfen,Runtime,crates/tetra-entities/src/umac/subcomp/bs_sched.rs,1229,"_ => unreachable!(""BUG: unhandled match variant -- should never be reached""),"
unreachable!,prüfen,Runtime,crates/tetra-entities/src/umac/subcomp/bs_sched.rs,1256,"_ => unreachable!(""BUG: unhandled match variant -- should never be reached""),"
unreachable!,prüfen,Runtime,crates/tetra-entities/src/umac/subcomp/bs_sched.rs,1263,"_ => unreachable!(""BUG: unhandled match variant -- should never be reached""),"
unimplemented_log!,offener Runtime-Pfad,Runtime,crates/tetra-entities/src/umac/subcomp/bs_sched.rs,1290,"unimplemented_log!(""finalize_ts_for_tick: Broadcast scheduling not implemented"");"
unreachable!,prüfen,Runtime,crates/tetra-entities/src/umac/subcomp/bs_sched.rs,1396,"_ => unreachable!(),"
TODO/FIXME,technische Schuld,Runtime,crates/tetra-entities/src/umac/subcomp/bs_sched.rs,1997,// TODO FIXME: Access field defaults are possibly not great
unreachable!,prüfen,Runtime,crates/tetra-entities/src/umac/subcomp/bs_sched.rs,2062,"_ => unreachable!(""BUG: unhandled match variant -- should never be reached""), // never happens"
unreachable!,prüfen,Runtime,crates/tetra-entities/src/umac/subcomp/bs_sched.rs,2076,"_ => unreachable!(""BUG: unhandled match variant -- should never be reached""), // never happens"
panic!,Test-Assertion,Test,crates/tetra-entities/src/umac/subcomp/bs_sched.rs,2523,"panic!(""expected PHY batch"");"
Todo-Typ,Typ-Platzhalter,Runtime,crates/tetra-entities/src/umac/subcomp/defrag.rs,4,"use tetra_core::{BitBuffer, SsiType, TdmaTime, TetraAddress, Todo};"
Todo-Typ,Typ-Platzhalter,Runtime,crates/tetra-entities/src/umac/subcomp/defrag.rs,27,"pub aie_info: Option<Todo>,"
TODO/FIXME,technische Schuld,Runtime,crates/tetra-entities/src/umac/subcomp/fillbits.rs,14,// TODO FIXME improve efficiency by fetching larger chunks than 1 bit
Todo-Typ,Typ-Platzhalter,Runtime,crates/tetra-entities/src/umac/subcomp/ms_defrag.rs,4,"use tetra_core::{BitBuffer, TdmaTime, TetraAddress, Todo};"
TODO/FIXME,technische Schuld,Runtime,crates/tetra-entities/src/umac/subcomp/ms_defrag.rs,13,const DEFRAG_TS_BEFORE_TIMEOUT: i32 = 10 * 4; // TODO check documentation. 10 frames.
Todo-Typ,Typ-Platzhalter,Runtime,crates/tetra-entities/src/umac/subcomp/ms_defrag.rs,61,"pub fn insert_first(&mut self, bitbuffer: &mut BitBuffer, t: TdmaTime, addr: TetraAddress, aie_info: Option<Todo>) {"
Todo-Typ,Typ-Platzhalter,Runtime,crates/tetra-entities/src/umac/subcomp/ms_defrag.rs,159,"pub fn get_aie_info(&self, t: TdmaTime) -> Option<&Todo> {"
Todo-Typ,Typ-Platzhalter,Runtime,crates/tetra-entities/src/umac/umac_bs.rs,5,"use tetra_core::{BitBuffer, Direction, PhyBlockNum, Sap, SsiType, TdmaTime, TetraAddress, Todo, unimplemented_log};"
Todo-Typ,Typ-Platzhalter,Runtime,crates/tetra-entities/src/umac/umac_bs.rs,224,"fn resolve_cmce_carrier_hint(&self, carrier_hint: Option<Todo>, logical_ts: Option<u8>) -> u16 {"
TODO/FIXME,technische Schuld,Runtime,crates/tetra-entities/src/umac/umac_bs.rs,275,// TODO FIXME make more/all parameters configurable
panic!,prüfen,Runtime,crates/tetra-entities/src/umac/umac_bs.rs,310,.unwrap_or_else(|| panic!(
TODO/FIXME,technische Schuld,Runtime,crates/tetra-entities/src/umac/umac_bs.rs,401,"cell_load_ca: 0, // TODO implement dynamic setting. 0 = info unavailable"
Todo-Typ,Typ-Platzhalter,Runtime,crates/tetra-entities/src/umac/umac_bs.rs,467,"fn send_tma_report_ind(queue: &mut MessageQueue, handle: Todo, report: TmaReport) {"
unimplemented_log!,offener Runtime-Pfad,Runtime,crates/tetra-entities/src/umac/umac_bs.rs,672,"unimplemented_log!(""event labels not implemented"");"
TODO/FIXME,technische Schuld,Runtime,crates/tetra-entities/src/umac/umac_bs.rs,750,// TODO not sure if there is scenarios in which we want to pass a null pdu to the LLC
unimplemented_log!,offener Runtime-Pfad,Runtime,crates/tetra-entities/src/umac/umac_bs.rs,757,"unimplemented_log!(""rx_mac_data: Encryption mode > 0"");"
TODO/FIXME,technische Schuld,Runtime,crates/tetra-entities/src/umac/umac_bs.rs,787,// TODO FIXME should not copy here but take ownership
TODO/FIXME,technische Schuld,Runtime,crates/tetra-entities/src/umac/umac_bs.rs,805,"endpoint_id: 0,        // TODO FIXME"
TODO/FIXME,technische Schuld,Runtime,crates/tetra-entities/src/umac/umac_bs.rs,806,"new_endpoint_id: None, // TODO FIXME"
TODO/FIXME,technische Schuld,Runtime,crates/tetra-entities/src/umac/umac_bs.rs,807,"css_endpoint_id: None, // TODO FIXME"
Todo-Typ,Typ-Platzhalter,Runtime,crates/tetra-entities/src/umac/umac_bs.rs,808,"air_interface_encryption: pdu.encrypted as Todo,"
unimplemented_log!,offener Runtime-Pfad,Runtime,crates/tetra-entities/src/umac/umac_bs.rs,962,"unimplemented_log!(""rx_mac_access: Encryption mode > 0"");"
TODO/FIXME,technische Schuld,Runtime,crates/tetra-entities/src/umac/umac_bs.rs,996,// TODO FIXME check if there is a reasonable way to avoid copying here by taking ownership
TODO/FIXME,technische Schuld,Runtime,crates/tetra-entities/src/umac/umac_bs.rs,1012,"endpoint_id: 0,        // TODO FIXME"
TODO/FIXME,technische Schuld,Runtime,crates/tetra-entities/src/umac/umac_bs.rs,1013,"new_endpoint_id: None, // TODO FIXME"
TODO/FIXME,technische Schuld,Runtime,crates/tetra-entities/src/umac/umac_bs.rs,1014,"css_endpoint_id: None, // TODO FIXME"
Todo-Typ,Typ-Platzhalter,Runtime,crates/tetra-entities/src/umac/umac_bs.rs,1015,"air_interface_encryption: pdu.encrypted as Todo,"
unimplemented_log!,offener Runtime-Pfad,Runtime,crates/tetra-entities/src/umac/umac_bs.rs,1087,"unimplemented_log!(""rx_mac_frag_ul: Encryption not supported"");"
unimplemented!,kritisch,Runtime,crates/tetra-entities/src/umac/umac_bs.rs,1163,"unimplemented!(""rx_mac_end_ul: Encryption not supported"");"
TODO/FIXME,technische Schuld,Runtime,crates/tetra-entities/src/umac/umac_bs.rs,1198,"endpoint_id: 0,              // TODO FIXME"
TODO/FIXME,technische Schuld,Runtime,crates/tetra-entities/src/umac/umac_bs.rs,1199,"new_endpoint_id: None,       // TODO FIXME"
TODO/FIXME,technische Schuld,Runtime,crates/tetra-entities/src/umac/umac_bs.rs,1200,"css_endpoint_id: None,       // TODO FIXME"
TODO/FIXME,technische Schuld,Runtime,crates/tetra-entities/src/umac/umac_bs.rs,1201,"air_interface_encryption: 0, // TODO FIXME implement"
unimplemented!,kritisch,Runtime,crates/tetra-entities/src/umac/umac_bs.rs,1292,"unimplemented!(""rx_mac_end_hu: Encryption not supported"");"
TODO/FIXME,technische Schuld,Runtime,crates/tetra-entities/src/umac/umac_bs.rs,1327,"endpoint_id: 0,              // TODO FIXME"
TODO/FIXME,technische Schuld,Runtime,crates/tetra-entities/src/umac/umac_bs.rs,1328,"new_endpoint_id: None,       // TODO FIXME"
TODO/FIXME,technische Schuld,Runtime,crates/tetra-entities/src/umac/umac_bs.rs,1329,"css_endpoint_id: None,       // TODO FIXME"
TODO/FIXME,technische Schuld,Runtime,crates/tetra-entities/src/umac/umac_bs.rs,1330,"air_interface_encryption: 0, // TODO FIXME implement"
TODO/FIXME,technische Schuld,Runtime,crates/tetra-entities/src/umac/umac_bs.rs,1436,// TODO implement slightly different handling since enum is not the same.
unimplemented!,kritisch,Runtime,crates/tetra-entities/src/umac/umac_bs.rs,1437,unimplemented!();
Todo-Typ,Typ-Platzhalter,Runtime,crates/tetra-entities/src/umac/umac_bs.rs,1920,"//             air_interface_encryption: pending.encrypted as Todo,"
unimplemented!,kritisch,Runtime,crates/tetra-entities/src/umac/umac_bs.rs,2260,unimplemented!();
Todo-Typ,Typ-Platzhalter,Runtime,crates/tetra-entities/src/umac/umac_ms.rs,6,"use tetra_core::{BitBuffer, PhyBlockNum, Sap, TdmaTime, Todo, unimplemented_log};"
unreachable!,prüfen,Runtime,crates/tetra-entities/src/umac/umac_ms.rs,157,"_ => unreachable!(""invalid channel: {:?}"", prim.logical_channel),"
TODO/FIXME,technische Schuld,Runtime,crates/tetra-entities/src/umac/umac_ms.rs,287,// TODO FIXME adopt sysinfo info into global state
unimplemented_log!,offener Runtime-Pfad,Runtime,crates/tetra-entities/src/umac/umac_ms.rs,351,"unimplemented_log!(""rx_mac_resource: Encryption mode > 0, not implemented"");"
unimplemented_log!,offener Runtime-Pfad,Runtime,crates/tetra-entities/src/umac/umac_ms.rs,365,"unimplemented_log!(""rx_mac_resource: SECOND HALF SLOT STOLEN IN STCH but signal not implemented"");"
TODO/FIXME,technische Schuld,Runtime,crates/tetra-entities/src/umac/umac_ms.rs,381,// TODO FIXME: I sometimes encounter len = 0b100010 = 32
TODO/FIXME,technische Schuld,Runtime,crates/tetra-entities/src/umac/umac_ms.rs,414,// TODO not sure if there is scenarios in which we want to pass a null pdu to the LLC
unimplemented_log!,offener Runtime-Pfad,Runtime,crates/tetra-entities/src/umac/umac_ms.rs,421,"unimplemented_log!(""rx_mac_resource: Encryption mode > 0"");"
TODO/FIXME,technische Schuld,Runtime,crates/tetra-entities/src/umac/umac_ms.rs,423,// TODO:
TODO/FIXME,technische Schuld,Runtime,crates/tetra-entities/src/umac/umac_ms.rs,445,// TODO FIXME should not copy here but take ownership
TODO/FIXME,technische Schuld,Runtime,crates/tetra-entities/src/umac/umac_ms.rs,463,"endpoint_id: 0,        // TODO FIXME"
TODO/FIXME,technische Schuld,Runtime,crates/tetra-entities/src/umac/umac_ms.rs,464,"new_endpoint_id: None, // TODO FIXME"
TODO/FIXME,technische Schuld,Runtime,crates/tetra-entities/src/umac/umac_ms.rs,465,"css_endpoint_id: None, // TODO FIXME"
Todo-Typ,Typ-Platzhalter,Runtime,crates/tetra-entities/src/umac/umac_ms.rs,466,"air_interface_encryption: pdu.encryption_mode as Todo,"
TODO/FIXME,technische Schuld,Runtime,crates/tetra-entities/src/umac/umac_ms.rs,526,// TODO FIXME implement
unimplemented_log!,offener Runtime-Pfad,Runtime,crates/tetra-entities/src/umac/umac_ms.rs,527,"unimplemented_log!(""rx_mac_frag: Encryption not supported"");"
TODO/FIXME,technische Schuld,Runtime,crates/tetra-entities/src/umac/umac_ms.rs,578,// TODO FIXME implement
unimplemented!,kritisch,Runtime,crates/tetra-entities/src/umac/umac_ms.rs,579,"unimplemented!(""rx_mac_end: Encryption not supported"");"
TODO/FIXME,technische Schuld,Runtime,crates/tetra-entities/src/umac/umac_ms.rs,580,// TODO FIXME Also re-parse chanalloc
TODO/FIXME,technische Schuld,Runtime,crates/tetra-entities/src/umac/umac_ms.rs,605,"endpoint_id: 0,              // TODO FIXME"
TODO/FIXME,technische Schuld,Runtime,crates/tetra-entities/src/umac/umac_ms.rs,606,"new_endpoint_id: None,       // TODO FIXME"
TODO/FIXME,technische Schuld,Runtime,crates/tetra-entities/src/umac/umac_ms.rs,607,"css_endpoint_id: None,       // TODO FIXME"
TODO/FIXME,technische Schuld,Runtime,crates/tetra-entities/src/umac/umac_ms.rs,608,"air_interface_encryption: 0, // TODO FIXME implement"
unimplemented!,kritisch,Runtime,crates/tetra-entities/src/umac/umac_ms.rs,631,"unimplemented!(""rx_usignal"");"
unimplemented!,kritisch,Runtime,crates/tetra-entities/src/umac/umac_ms.rs,645,"unimplemented!(""rx_supp"");"
TODO/FIXME,technische Schuld,Runtime,crates/tetra-entities/src/umac/umac_ms.rs,653,"// TODO FIXME, more extensively store and process AACH state in both LMAC and UMAC"
unimplemented_log!,offener Runtime-Pfad,Runtime,crates/tetra-entities/src/umac/umac_ms.rs,730,"unimplemented_log!(""can't update global state"");"
TODO/FIXME,technische Schuld,Runtime,crates/tetra-entities/src/umac/umac_ms.rs,755,//     // TODO warn/bail when really not in line with expected time
unimplemented!,kritisch,Runtime,crates/tetra-entities/src/umac/umac_ms.rs,817,unimplemented!();
unimplemented!,kritisch,Runtime,crates/tetra-entities/src/umac/umac_ms.rs,824,unimplemented!();
panic!,Test-Assertion,Test,crates/tetra-entities/tests/common/component_test.rs,54,"_ => panic!(""Unsupported stack mode""),"
panic!,Test-Assertion,Test,crates/tetra-entities/tests/common/component_test.rs,108,"panic!(""Only BS stack mode is supported in ComponentTest"");"
panic!,Test-Assertion,Test,crates/tetra-entities/tests/common/component_test.rs,157,"panic!(""Component not implemented: {:?}"", component);"
panic!,Test-Assertion,Test,crates/tetra-entities/tests/common/component_test.rs,193,"panic!(""Component not implemented: {:?}"", component);"
TODO/FIXME,technische Schuld,Test,crates/tetra-entities/tests/test_llc_bs.rs,26,// FIXME make proper vec here that can be passed onwards
panic!,Test-Assertion,Test,crates/tetra-entities/tests/test_llc_bs.rs,123,"panic!(""expected TlaTlDataIndBl with piggyback payload"");"
panic!,Test-Assertion,Test,crates/tetra-entities/tests/test_llc_bs.rs,174,"panic!(""expected TMA-UNITDATA request"");"
panic!,Test-Assertion,Test,crates/tetra-entities/tests/test_managed_call_control_protocol.rs,38,"other => panic!(""unexpected command: {other:?}""),"
panic!,Test-Assertion,Test,crates/tetra-entities/tests/test_managed_call_control_protocol.rs,90,"other => panic!(""unexpected response: {other:?}""),"
panic!,Test-Assertion,Test,crates/tetra-entities/tests/test_mm_bs.rs,140,".unwrap_or_else(|| panic!(""expected a D-LOCATION-UPDATE-COMMAND for the unknown ISSI, got {} msgs"", msgs.len()));"
panic!,Test-Assertion,Test,crates/tetra-entities/tests/test_mm_bs.rs,243,panic!(
panic!,Test-Assertion,Test,crates/tetra-entities/tests/test_mm_bs.rs,316,panic!(
panic!,Test-Assertion,Test,crates/tetra-entities/tests/test_mm_bs.rs,383,panic!(
panic!,Test-Assertion,Test,crates/tetra-entities/tests/test_mm_bs.rs,470,"panic!(""Expected LmmMleUnitdataReq"");"
panic!,Test-Assertion,Test,crates/tetra-entities/tests/test_sds_bs.rs,537,"panic!(""Expected CmceSdsData message at Brew sink"");"
panic!,Test-Assertion,Test,crates/tetra-entities/tests/test_two_cell_call_restore.rs,155,"panic!(""no D-RESTORE-ACK/D-CALL RESTORE found"");"
panic!,Test-Assertion,Test,crates/tetra-entities/tests/test_two_cell_mm_mobility.rs,229,"panic!(""expected GrantPrepare with embedded MM accept"");"
panic!,Test-Assertion,Test,crates/tetra-entities/tests/test_two_cell_mobility.rs,55,"panic!(""no MLE downlink found in LLC sink"");"
panic!,Test-Assertion,Test,crates/tetra-entities/tests/test_umac_bs.rs,217,"panic!(""expected TMA-UNITDATA indication"");"
TODO/FIXME,technische Schuld,Runtime,crates/tetra-pdus/src/cmce/fields/basic_service_information.rs,84,// TODO REVIEW: conditional write of slots_per_frame
TODO/FIXME,technische Schuld,Runtime,crates/tetra-pdus/src/cmce/fields/basic_service_information.rs,88,// TODO REVIEW: conditional write of speech_service
TODO/FIXME,technische Schuld,Runtime,crates/tetra-pdus/src/cmce/fields/sds_short_report.rs,41,"// TODO FIXME implement parsing of the pre-coded status field into this struct, as defined in table 14.72"
TODO/FIXME,technische Schuld,Runtime,crates/tetra-pdus/src/cmce/fields/sds_short_report.rs,62,"// TODO FIXME implement conversion of this struct into the pre-coded status field, as defined in table 14.72"
TODO/FIXME,technische Schuld,Runtime,crates/tetra-pdus/src/cmce/pdus/cmce_function_not_supported.rs,39,"#[allow(unreachable_code)] // TODO FIXME review, finalize and remove this"
unimplemented!,kritisch,Runtime,crates/tetra-pdus/src/cmce/pdus/cmce_function_not_supported.rs,70,unimplemented!();
unimplemented!,kritisch,Runtime,crates/tetra-pdus/src/cmce/pdus/cmce_function_not_supported.rs,117,unimplemented!();
TODO/FIXME,technische Schuld,Runtime,crates/tetra-pdus/src/cmce/pdus/d_alert.rs,42,"#[allow(unreachable_code)] // TODO FIXME review, finalize and remove this"
TODO/FIXME,technische Schuld,Runtime,crates/tetra-pdus/src/cmce/pdus/d_call_proceeding.rs,43,"#[allow(unreachable_code)] // TODO FIXME review, finalize and remove this"
TODO/FIXME,technische Schuld,Runtime,crates/tetra-pdus/src/cmce/pdus/d_call_restore.rs,48,"#[allow(unreachable_code)] // TODO FIXME review, finalize and remove this"
TODO/FIXME,technische Schuld,Runtime,crates/tetra-pdus/src/cmce/pdus/d_connect.rs,52,"#[allow(unreachable_code)] // TODO FIXME review, finalize and remove this"
TODO/FIXME,technische Schuld,Runtime,crates/tetra-pdus/src/cmce/pdus/d_connect_acknowledge.rs,36,"#[allow(unreachable_code)] // TODO FIXME review, finalize and remove this"
TODO/FIXME,technische Schuld,Runtime,crates/tetra-pdus/src/cmce/pdus/d_disconnect.rs,32,"#[allow(unreachable_code)] // TODO FIXME review, finalize and remove this"
TODO/FIXME,technische Schuld,Runtime,crates/tetra-pdus/src/cmce/pdus/d_facility.rs,21,"#[allow(unreachable_code)] // TODO FIXME review, finalize and remove this"
TODO/FIXME,technische Schuld,Runtime,crates/tetra-pdus/src/cmce/pdus/d_info.rs,58,"#[allow(unreachable_code)] // TODO FIXME review, finalize and remove this"
TODO/FIXME,technische Schuld,Runtime,crates/tetra-pdus/src/cmce/pdus/d_release.rs,32,"#[allow(unreachable_code)] // TODO FIXME review, finalize and remove this"
unreachable!,prüfen,Runtime,crates/tetra-pdus/src/cmce/pdus/d_sds_data.rs,85,"_ => unreachable!(),"
TODO/FIXME,technische Schuld,Runtime,crates/tetra-pdus/src/cmce/pdus/d_setup.rs,62,"#[allow(unreachable_code)] // TODO FIXME review, finalize and remove this"
TODO/FIXME,technische Schuld,Runtime,crates/tetra-pdus/src/cmce/pdus/d_status.rs,35,"#[allow(unreachable_code)] // TODO FIXME review, finalize and remove this"
TODO/FIXME,technische Schuld,Runtime,crates/tetra-pdus/src/cmce/pdus/d_tx_ceased.rs,34,"#[allow(unreachable_code)] // TODO FIXME review, finalize and remove this"
TODO/FIXME,technische Schuld,Runtime,crates/tetra-pdus/src/cmce/pdus/d_tx_continue.rs,36,"#[allow(unreachable_code)] // TODO FIXME review, finalize and remove this"
TODO/FIXME,technische Schuld,Runtime,crates/tetra-pdus/src/cmce/pdus/d_tx_granted.rs,50,"#[allow(unreachable_code)] // TODO FIXME review, finalize and remove this"
TODO/FIXME,technische Schuld,Runtime,crates/tetra-pdus/src/cmce/pdus/d_tx_interrupt.rs,50,"#[allow(unreachable_code)] // TODO FIXME review, finalize and remove this"
TODO/FIXME,technische Schuld,Runtime,crates/tetra-pdus/src/cmce/pdus/d_tx_wait.rs,34,"#[allow(unreachable_code)] // TODO FIXME review, finalize and remove this"
TODO/FIXME,technische Schuld,Runtime,crates/tetra-pdus/src/cmce/pdus/u_alert.rs,35,"#[allow(unreachable_code)] // TODO FIXME review, finalize and remove this"
TODO/FIXME,technische Schuld,Runtime,crates/tetra-pdus/src/cmce/pdus/u_call_restore.rs,45,"#[allow(unreachable_code)] // TODO FIXME review, finalize and remove this"
TODO/FIXME,technische Schuld,Runtime,crates/tetra-pdus/src/cmce/pdus/u_connect.rs,34,"#[allow(unreachable_code)] // TODO FIXME review, finalize and remove this"
TODO/FIXME,technische Schuld,Runtime,crates/tetra-pdus/src/cmce/pdus/u_disconnect.rs,30,"#[allow(unreachable_code)] // TODO FIXME review, finalize and remove this"
TODO/FIXME,technische Schuld,Runtime,crates/tetra-pdus/src/cmce/pdus/u_facility.rs,21,"#[allow(unreachable_code)] // TODO FIXME review, finalize and remove this"
TODO/FIXME,technische Schuld,Runtime,crates/tetra-pdus/src/cmce/pdus/u_info.rs,35,"#[allow(unreachable_code)] // TODO FIXME review, finalize and remove this"
TODO/FIXME,technische Schuld,Runtime,crates/tetra-pdus/src/cmce/pdus/u_release.rs,30,"#[allow(unreachable_code)] // TODO FIXME review, finalize and remove this"
unreachable!,prüfen,Runtime,crates/tetra-pdus/src/cmce/pdus/u_sds_data.rs,100,"_ => unreachable!(),"
TODO/FIXME,technische Schuld,Runtime,crates/tetra-pdus/src/cmce/pdus/u_setup.rs,64,"#[allow(unreachable_code)] // TODO FIXME review, finalize and remove this"
TODO/FIXME,technische Schuld,Runtime,crates/tetra-pdus/src/cmce/pdus/u_status.rs,40,"#[allow(unreachable_code)] // TODO FIXME review, finalize and remove this"
TODO/FIXME,technische Schuld,Runtime,crates/tetra-pdus/src/cmce/pdus/u_tx_ceased.rs,29,"#[allow(unreachable_code)] // TODO FIXME review, finalize and remove this"
TODO/FIXME,technische Schuld,Runtime,crates/tetra-pdus/src/cmce/pdus/u_tx_demand.rs,36,"#[allow(unreachable_code)] // TODO FIXME review, finalize and remove this"
TODO/FIXME,technische Schuld,Runtime,crates/tetra-pdus/src/mle/pdus/d_nwrk_broadcast_remove.rs,48,"#[allow(unreachable_code)] // TODO FIXME review, finalize and remove this"
unimplemented!,kritisch,Runtime,crates/tetra-pdus/src/mle/pdus/d_nwrk_broadcast_remove.rs,69,unimplemented!();
unimplemented!,kritisch,Runtime,crates/tetra-pdus/src/mle/pdus/d_nwrk_broadcast_remove.rs,74,unimplemented!();
unimplemented!,kritisch,Runtime,crates/tetra-pdus/src/mle/pdus/d_nwrk_broadcast_remove.rs,77,unimplemented!();
unimplemented!,kritisch,Runtime,crates/tetra-pdus/src/mle/pdus/d_nwrk_broadcast_remove.rs,134,unimplemented!();
unimplemented!,kritisch,Runtime,crates/tetra-pdus/src/mle/pdus/d_nwrk_broadcast_remove.rs,142,unimplemented!();
unimplemented!,kritisch,Runtime,crates/tetra-pdus/src/mle/pdus/d_nwrk_broadcast_remove.rs,147,unimplemented!();
TODO/FIXME,technische Schuld,Runtime,crates/tetra-pdus/src/mle/pdus/u_channel_class_advice.rs,40,"#[allow(unreachable_code)] // TODO FIXME review, finalize and remove this"
unimplemented!,kritisch,Runtime,crates/tetra-pdus/src/mle/pdus/u_channel_class_advice.rs,55,unimplemented!();
unimplemented!,kritisch,Runtime,crates/tetra-pdus/src/mle/pdus/u_channel_class_advice.rs,60,unimplemented!();
unimplemented!,kritisch,Runtime,crates/tetra-pdus/src/mle/pdus/u_channel_class_advice.rs,69,unimplemented!();
unimplemented!,kritisch,Runtime,crates/tetra-pdus/src/mle/pdus/u_channel_class_advice.rs,119,unimplemented!();
TODO/FIXME,technische Schuld,Runtime,crates/tetra-pdus/src/mm/fields/group_identity_location_accept.rs,24,"#[allow(unreachable_code)] // TODO FIXME review, finalize and remove this"
TODO/FIXME,technische Schuld,Runtime,crates/tetra-pdus/src/mm/fields/group_identity_location_demand.rs,30,"#[allow(unreachable_code)] // TODO FIXME review, finalize and remove this"
TODO/FIXME,technische Schuld,Runtime,crates/tetra-pdus/src/mm/pdus/d_attach_detach_group_identity.rs,40,"#[allow(unreachable_code)] // TODO FIXME review, finalize and remove this"
TODO/FIXME,technische Schuld,Runtime,crates/tetra-pdus/src/mm/pdus/d_attach_detach_group_identity_acknowledgement.rs,36,"#[allow(unreachable_code)] // TODO FIXME review, finalize and remove this"
TODO/FIXME,technische Schuld,Runtime,crates/tetra-pdus/src/mm/pdus/d_location_update_accept.rs,56,"#[allow(unreachable_code)] // TODO FIXME review, finalize and remove this"
TODO/FIXME,technische Schuld,Runtime,crates/tetra-pdus/src/mm/pdus/d_location_update_command.rs,36,"#[allow(unreachable_code)] // TODO FIXME review, finalize and remove this"
unimplemented!,kritisch,Runtime,crates/tetra-pdus/src/mm/pdus/d_location_update_command.rs,53,unimplemented!();
unimplemented!,kritisch,Runtime,crates/tetra-pdus/src/mm/pdus/d_location_update_command.rs,62,unimplemented!();
unimplemented!,kritisch,Runtime,crates/tetra-pdus/src/mm/pdus/d_location_update_command.rs,65,unimplemented!();
unimplemented!,kritisch,Runtime,crates/tetra-pdus/src/mm/pdus/d_mm_status.rs,55,"unimplemented!(""D-MM-STATUS sub-PDU parsing for {:?}"", status_downlink);"
unimplemented!,kritisch,Runtime,crates/tetra-pdus/src/mm/pdus/d_mm_status.rs,87,"unimplemented!(""D-MM-STATUS sub-PDU serialization for {:?}"", self.status_downlink);"
TODO/FIXME,technische Schuld,Runtime,crates/tetra-pdus/src/mm/pdus/mm_pdu_function_not_supported.rs,35,"#[allow(unreachable_code)] // TODO FIXME review, finalize and remove this"
unimplemented_log!,offener Runtime-Pfad,Runtime,crates/tetra-pdus/src/mm/pdus/mm_pdu_function_not_supported.rs,61,"unimplemented_log!(""MmPduFunctionNotSupported parsing not fully implemented - please report to developers"");"
TODO/FIXME,technische Schuld,Runtime,crates/tetra-pdus/src/mm/pdus/mm_pdu_function_not_supported.rs,103,// FIXME this is very messy - refactor later
TODO/FIXME,technische Schuld,Runtime,crates/tetra-pdus/src/mm/pdus/u_attach_detach_group_identity.rs,35,"#[allow(unreachable_code)] // TODO FIXME review, finalize and remove this"
TODO/FIXME,technische Schuld,Runtime,crates/tetra-pdus/src/mm/pdus/u_attach_detach_group_identity_acknowledgement.rs,31,"#[allow(unreachable_code)] // TODO FIXME review, finalize and remove this"
TODO/FIXME,technische Schuld,Runtime,crates/tetra-pdus/src/mm/pdus/u_itsi_detach.rs,28,"#[allow(unreachable_code)] // TODO FIXME review, finalize and remove this"
TODO/FIXME,technische Schuld,Runtime,crates/tetra-pdus/src/mm/pdus/u_location_update_demand.rs,58,"#[allow(unreachable_code)] // TODO FIXME review, finalize and remove this"
TODO/FIXME,technische Schuld,Runtime,crates/tetra-pdus/src/mm/pdus/u_mm_status.rs,31,"#[allow(unreachable_code)] // TODO FIXME review, finalize and remove this"
panic!,prüfen,Runtime,crates/tetra-pdus/src/umac/enums/basic_slotgrant_cap_alloc.rs,115,"_ => panic!(),"
unimplemented!,kritisch,Runtime,crates/tetra-pdus/src/umac/enums/basic_slotgrant_cap_alloc.rs,128,unimplemented!();
unimplemented!,kritisch,Runtime,crates/tetra-pdus/src/umac/enums/basic_slotgrant_cap_alloc.rs,146,unimplemented!();
Todo-Typ,Typ-Platzhalter,Runtime,crates/tetra-pdus/src/umac/fields/channel_allocation.rs,8,"use tetra_core::{BitBuffer, Todo, pdu_parse_error::PduParseErr};"
Todo-Typ,Typ-Platzhalter,Runtime,crates/tetra-pdus/src/umac/fields/channel_allocation.rs,37,"pub ext: Option<Todo>,"
unimplemented!,kritisch,Runtime,crates/tetra-pdus/src/umac/fields/channel_allocation.rs,112,"unimplemented!(""Extended channel allocation"");"
unimplemented!,kritisch,Runtime,crates/tetra-pdus/src/umac/fields/channel_allocation.rs,136,"unimplemented!(""Augmented channel allocation is not implemented"");"
unimplemented!,kritisch,Runtime,crates/tetra-pdus/src/umac/fields/channel_allocation.rs,173,"unimplemented!(""Extended channel allocation"");"
unimplemented!,kritisch,Runtime,crates/tetra-pdus/src/umac/fields/channel_allocation.rs,188,"unimplemented!(""Augmented channel allocation is not implemented"");"
TODO/FIXME,technische Schuld,Runtime,crates/tetra-pdus/src/umac/fields/channel_allocation.rs,191,// TODO REVIEW: conditional write of aug_uldl_ass
TODO/FIXME,technische Schuld,Runtime,crates/tetra-pdus/src/umac/fields/channel_allocation.rs,193,// // TODO REVIEW: conditional write of aug_bandwidth
TODO/FIXME,technische Schuld,Runtime,crates/tetra-pdus/src/umac/fields/channel_allocation.rs,195,// // TODO REVIEW: conditional write of aug_mod
TODO/FIXME,technische Schuld,Runtime,crates/tetra-pdus/src/umac/fields/channel_allocation.rs,197,// // TODO REVIEW: conditional write of QAM
TODO/FIXME,technische Schuld,Runtime,crates/tetra-pdus/src/umac/fields/channel_allocation.rs,199,// // TODO REVIEW: conditional write of RESERVED
TODO/FIXME,technische Schuld,Runtime,crates/tetra-pdus/src/umac/fields/channel_allocation.rs,201,// // TODO REVIEW: conditional write of aug_conf_chan_stat
TODO/FIXME,technische Schuld,Runtime,crates/tetra-pdus/src/umac/fields/channel_allocation.rs,203,// // TODO REVIEW: conditional write of bs_link_imbalance
TODO/FIXME,technische Schuld,Runtime,crates/tetra-pdus/src/umac/fields/channel_allocation.rs,205,// // TODO REVIEW: conditional write of bs_tx_pow_rel
TODO/FIXME,technische Schuld,Runtime,crates/tetra-pdus/src/umac/fields/channel_allocation.rs,207,// // TODO REVIEW: conditional write of napping_status
TODO/FIXME,technische Schuld,Runtime,crates/tetra-pdus/src/umac/fields/channel_allocation.rs,209,// // TODO REVIEW: conditional write of napping_info
TODO/FIXME,technische Schuld,Runtime,crates/tetra-pdus/src/umac/fields/channel_allocation.rs,211,// // TODO REVIEW: conditional write of RESERVED
TODO/FIXME,technische Schuld,Runtime,crates/tetra-pdus/src/umac/fields/channel_allocation.rs,214,// // TODO REVIEW: conditional write of cond_a_elem
TODO/FIXME,technische Schuld,Runtime,crates/tetra-pdus/src/umac/fields/channel_allocation.rs,217,// // TODO REVIEW: conditional write of cond_b_elem
unimplemented!,kritisch,Runtime,crates/tetra-pdus/src/umac/fields/channel_allocation.rs,229,"unimplemented!(""Extended carrier numbering"");"
unimplemented!,kritisch,Runtime,crates/tetra-pdus/src/umac/fields/channel_allocation.rs,238,"unimplemented!(""Augmented channel allocation"");"
TODO/FIXME,technische Schuld,Runtime,crates/tetra-pdus/src/umac/pdus/access_assign.rs,22,"/// TODO FIXME technically not part of this SAP, but part of the MAC"
panic!,prüfen,Runtime,crates/tetra-pdus/src/umac/pdus/access_assign.rs,136,panic!()
TODO/FIXME,technische Schuld,Runtime,crates/tetra-pdus/src/umac/pdus/access_assign_fr18.rs,12,"/// TODO FIXME technically not part of this SAP, but part of the MAC"
panic!,prüfen,Runtime,crates/tetra-pdus/src/umac/pdus/access_assign_fr18.rs,138,panic!()
unimplemented!,kritisch,Runtime,crates/tetra-pdus/src/umac/pdus/access_assign_fr18.rs,183,"unimplemented!(""AccessAssign::to_bitbuf_fr18 for other cases"");"
TODO/FIXME,technische Schuld,Runtime,crates/tetra-pdus/src/umac/pdus/access_define.rs,70,// TODO REVIEW: conditional read of subscriber_class
TODO/FIXME,technische Schuld,Runtime,crates/tetra-pdus/src/umac/pdus/access_define.rs,74,// TODO REVIEW: conditional read of gssi
TODO/FIXME,technische Schuld,Runtime,crates/tetra-pdus/src/umac/pdus/access_define.rs,100,// TODO REVIEW: conditional write of subscriber_class
TODO/FIXME,technische Schuld,Runtime,crates/tetra-pdus/src/umac/pdus/access_define.rs,104,// TODO REVIEW: conditional write of gssi
panic!,prüfen,Runtime,crates/tetra-pdus/src/umac/pdus/mac_access.rs,81,panic!();
panic!,prüfen,Runtime,crates/tetra-pdus/src/umac/pdus/mac_access.rs,143,"_ => panic!(""unexpected ssi_type {:?}"", addr.ssi_type),"
panic!,prüfen,Runtime,crates/tetra-pdus/src/umac/pdus/mac_access.rs,149,"panic!(""either addr or event label must be supplied"");"
unreachable!,prüfen,Runtime,crates/tetra-pdus/src/umac/pdus/mac_data.rs,86,unreachable!();
unreachable!,prüfen,Runtime,crates/tetra-pdus/src/umac/pdus/mac_data.rs,108,unreachable!();
panic!,prüfen,Runtime,crates/tetra-pdus/src/umac/pdus/mac_data.rs,155,"panic!(""unexpected ssi_type {:?}"", addr.ssi_type)"
unreachable!,prüfen,Runtime,crates/tetra-pdus/src/umac/pdus/mac_data.rs,163,unreachable!();
panic!,prüfen,Runtime,crates/tetra-pdus/src/umac/pdus/mac_resource.rs,232,"panic!(""Invalid address type"");"
panic!,prüfen,Runtime,crates/tetra-pdus/src/umac/pdus/mac_resource.rs,244,"panic!(""Invalid address type"");"
unimplemented_log!,offener Runtime-Pfad,Runtime,crates/tetra-pdus/src/umac/pdus/mac_sysinfo.rs,117,"unimplemented_log!(""Even multiframe definition for TS mode"");"
unimplemented_log!,offener Runtime-Pfad,Runtime,crates/tetra-pdus/src/umac/pdus/mac_sysinfo.rs,122,"unimplemented_log!(""Odd multiframe definition for TS mode"");"
TODO/FIXME,technische Schuld,Runtime,crates/tetra-pdus/src/umac/pdus/mac_sysinfo.rs,130,// TODO FIXME: retrieve aie_enabled bool from global config
unimplemented_log!,offener Runtime-Pfad,Runtime,crates/tetra-pdus/src/umac/pdus/mac_sysinfo.rs,176,"unimplemented_log!(""Even multiframe definition for TS mode"");"
Todo-Typ,Typ-Platzhalter,Runtime,crates/tetra-pdus/src/umac/structs/umac_circuit.rs,4,// use tetra_core::Todo;
Todo-Typ,Typ-Platzhalter,Runtime,crates/tetra-pdus/src/umac/structs/umac_circuit.rs,16,"//     pub encryption: Option<Todo>,"
Todo-Typ,Typ-Platzhalter,Runtime,crates/tetra-saps/src/lcmc/fields/chan_alloc_req.rs,4,use tetra_core::Todo;
Todo-Typ,Typ-Platzhalter,Runtime,crates/tetra-saps/src/lcmc/fields/chan_alloc_req.rs,15,"pub carrier: Option<Todo>,"
Todo-Typ,Typ-Platzhalter,Runtime,crates/tetra-saps/src/lcmc/mod.rs,4,"use tetra_core::{BitBuffer, EndpointId, Layer2Service, LinkId, MleHandle, TetraAddress, Todo, TxReporter};"
Todo-Typ,Typ-Platzhalter,Runtime,crates/tetra-saps/src/lcmc/mod.rs,28,"pub call_state: Todo,"
Todo-Typ,Typ-Platzhalter,Runtime,crates/tetra-saps/src/lcmc/mod.rs,38,"pub permitted_services_in_ms_graceful_service_degradation_mode: Todo,"
Todo-Typ,Typ-Platzhalter,Runtime,crates/tetra-saps/src/lcmc/mod.rs,55,"pub handle: Todo,"
Todo-Typ,Typ-Platzhalter,Runtime,crates/tetra-saps/src/lcmc/mod.rs,74,"pub chan_change_handle: Todo,"
Todo-Typ,Typ-Platzhalter,Runtime,crates/tetra-saps/src/lcmc/mod.rs,75,"pub call_release: Option<Todo>,"
Todo-Typ,Typ-Platzhalter,Runtime,crates/tetra-saps/src/lcmc/mod.rs,78,"pub add_temp_gssi: Option<Todo>,"
Todo-Typ,Typ-Platzhalter,Runtime,crates/tetra-saps/src/lcmc/mod.rs,79,"pub del_temp_gssi: Option<Todo>,"
Todo-Typ,Typ-Platzhalter,Runtime,crates/tetra-saps/src/lcmc/mod.rs,102,"pub chan_change_handle: Todo,"
Todo-Typ,Typ-Platzhalter,Runtime,crates/tetra-saps/src/lcmc/mod.rs,103,"pub reason_for_config_indication: Todo,"
Todo-Typ,Typ-Platzhalter,Runtime,crates/tetra-saps/src/lcmc/mod.rs,113,"pub permitted_services_in_temp_disabled_mode: Todo,"
Todo-Typ,Typ-Platzhalter,Runtime,crates/tetra-saps/src/lcmc/mod.rs,129,"pub gssi_list: Vec<Todo>,"
Todo-Typ,Typ-Platzhalter,Runtime,crates/tetra-saps/src/lcmc/mod.rs,146,"pub broadcast_params: Todo,"
Todo-Typ,Typ-Platzhalter,Runtime,crates/tetra-saps/src/lcmc/mod.rs,147,"pub subscriber_class_match: Todo,"
Todo-Typ,Typ-Platzhalter,Runtime,crates/tetra-saps/src/lcmc/mod.rs,148,"pub permitted_cell_info: Todo,"
Todo-Typ,Typ-Platzhalter,Runtime,crates/tetra-saps/src/lcmc/mod.rs,157,"pub mcc: Todo, // current network"
Todo-Typ,Typ-Platzhalter,Runtime,crates/tetra-saps/src/lcmc/mod.rs,158,"pub mnc: Todo, // current network"
Todo-Typ,Typ-Platzhalter,Runtime,crates/tetra-saps/src/lcmc/mod.rs,176,"pub handle: Todo,"
Todo-Typ,Typ-Platzhalter,Runtime,crates/tetra-saps/src/lcmc/mod.rs,177,"pub transfer_result: Todo,"
Todo-Typ,Typ-Platzhalter,Runtime,crates/tetra-saps/src/lcmc/mod.rs,179,"pub channel_change_handle: Todo,"
Todo-Typ,Typ-Platzhalter,Runtime,crates/tetra-saps/src/lcmc/mod.rs,202,"pub sdu: Todo,"
Todo-Typ,Typ-Platzhalter,Runtime,crates/tetra-saps/src/lcmc/mod.rs,203,"pub handle: Todo,"
Todo-Typ,Typ-Platzhalter,Runtime,crates/tetra-saps/src/lcmc/mod.rs,205,"pub pdu_prio: Todo,"
Todo-Typ,Typ-Platzhalter,Runtime,crates/tetra-saps/src/lcmc/mod.rs,216,"pub sdu: Todo,"
Todo-Typ,Typ-Platzhalter,Runtime,crates/tetra-saps/src/lcmc/mod.rs,217,"pub handle: Todo,"
Todo-Typ,Typ-Platzhalter,Runtime,crates/tetra-saps/src/lcmc/mod.rs,227,"pub mcc: Todo, // current network"
Todo-Typ,Typ-Platzhalter,Runtime,crates/tetra-saps/src/lcmc/mod.rs,228,"pub mnc: Todo, // current network"
Todo-Typ,Typ-Platzhalter,Runtime,crates/tetra-saps/src/lcmc/mod.rs,242,"pub pdu_prio: Todo,"
Todo-Typ,Typ-Platzhalter,Runtime,crates/tetra-saps/src/lcmc/mod.rs,243,"pub layer2_qos: Todo,"
Todo-Typ,Typ-Platzhalter,Runtime,crates/tetra-saps/src/lcmc/mod.rs,270,"pub chan_change_handle: Option<Todo>,"
Todo-Typ,Typ-Platzhalter,Runtime,crates/tetra-saps/src/lmm/mod.rs,6,"use tetra_core::{BitBuffer, Layer2Service, MleHandle, TetraAddress, Todo, TxReporter};"
Todo-Typ,Typ-Platzhalter,Runtime,crates/tetra-saps/src/lmm/mod.rs,17,"pub cell_type_prefs: Option<Todo>,"
Todo-Typ,Typ-Platzhalter,Runtime,crates/tetra-saps/src/lmm/mod.rs,24,"pub cell_availability: Todo,"
Todo-Typ,Typ-Platzhalter,Runtime,crates/tetra-saps/src/lmm/mod.rs,35,"pub cell_type: Todo,"
Todo-Typ,Typ-Platzhalter,Runtime,crates/tetra-saps/src/lmm/mod.rs,42,"pub sleep_mode: Todo,"
Todo-Typ,Typ-Platzhalter,Runtime,crates/tetra-saps/src/lmm/mod.rs,54,"pub handle: Todo,"
Todo-Typ,Typ-Platzhalter,Runtime,crates/tetra-saps/src/lmm/mod.rs,65,"pub periodic_reporting_timer: Todo,"
Todo-Typ,Typ-Platzhalter,Runtime,crates/tetra-saps/src/lmm/mod.rs,72,"pub periodic_reporting_timer: Todo,"
Todo-Typ,Typ-Platzhalter,Runtime,crates/tetra-saps/src/lmm/mod.rs,84,"pub permitted_services_in_temp_disabled_mode: Todo,"
Todo-Typ,Typ-Platzhalter,Runtime,crates/tetra-saps/src/lmm/mod.rs,96,"pub issi: Todo,"
Todo-Typ,Typ-Platzhalter,Runtime,crates/tetra-saps/src/lmm/mod.rs,97,"pub assi: Todo,"
Todo-Typ,Typ-Platzhalter,Runtime,crates/tetra-saps/src/lmm/mod.rs,98,"pub attached_gssis: Vec<Todo>,"
Todo-Typ,Typ-Platzhalter,Runtime,crates/tetra-saps/src/lmm/mod.rs,99,"pub detached_gssis: Vec<Todo>,"
Todo-Typ,Typ-Platzhalter,Runtime,crates/tetra-saps/src/lmm/mod.rs,111,"pub subscriber_class: Todo,"
Todo-Typ,Typ-Platzhalter,Runtime,crates/tetra-saps/src/lmm/mod.rs,112,"pub scch_config: Todo,"
Todo-Typ,Typ-Platzhalter,Runtime,crates/tetra-saps/src/lmm/mod.rs,113,"pub energy_economy_config: Todo,"
Todo-Typ,Typ-Platzhalter,Runtime,crates/tetra-saps/src/lmm/mod.rs,114,"pub minimal_mode_config: Todo,"
Todo-Typ,Typ-Platzhalter,Runtime,crates/tetra-saps/src/lmm/mod.rs,115,"pub dual_watch_config: Todo,"
Todo-Typ,Typ-Platzhalter,Runtime,crates/tetra-saps/src/lmm/mod.rs,122,"pub broadcast_params: Todo,"
Todo-Typ,Typ-Platzhalter,Runtime,crates/tetra-saps/src/lmm/mod.rs,123,"pub subscriber_class_match: Todo,"
Todo-Typ,Typ-Platzhalter,Runtime,crates/tetra-saps/src/lmm/mod.rs,130,"pub mcc: Todo,"
Todo-Typ,Typ-Platzhalter,Runtime,crates/tetra-saps/src/lmm/mod.rs,131,"pub mnc: Todo,"
Todo-Typ,Typ-Platzhalter,Runtime,crates/tetra-saps/src/lmm/mod.rs,133,"pub cell_type_prefs: Option<Todo>,"
Todo-Typ,Typ-Platzhalter,Runtime,crates/tetra-saps/src/lmm/mod.rs,140,"pub mcc: Todo,"
Todo-Typ,Typ-Platzhalter,Runtime,crates/tetra-saps/src/lmm/mod.rs,141,"pub mnc: Todo,"
Todo-Typ,Typ-Platzhalter,Runtime,crates/tetra-saps/src/lmm/mod.rs,143,"pub registration_type: Todo,"
Todo-Typ,Typ-Platzhalter,Runtime,crates/tetra-saps/src/lmm/mod.rs,144,"pub security_params: Todo,"
Todo-Typ,Typ-Platzhalter,Runtime,crates/tetra-saps/src/lmm/mod.rs,145,"pub cell_type: Todo,"
Todo-Typ,Typ-Platzhalter,Runtime,crates/tetra-saps/src/lmm/mod.rs,157,"pub sdu: Todo,"
Todo-Typ,Typ-Platzhalter,Runtime,crates/tetra-saps/src/lmm/mod.rs,158,"pub handle: Todo,"
Todo-Typ,Typ-Platzhalter,Runtime,crates/tetra-saps/src/lmm/mod.rs,160,"pub pdu_prio: Todo,"
Todo-Typ,Typ-Platzhalter,Runtime,crates/tetra-saps/src/lmm/mod.rs,169,"pub sdu: Todo,"
Todo-Typ,Typ-Platzhalter,Runtime,crates/tetra-saps/src/lmm/mod.rs,170,"pub handle: Todo,"
Todo-Typ,Typ-Platzhalter,Runtime,crates/tetra-saps/src/lmm/mod.rs,191,"pub transfer_result: Todo,"
Todo-Typ,Typ-Platzhalter,Runtime,crates/tetra-saps/src/lmm/mod.rs,200,"// pub address_type: Todo,"
Todo-Typ,Typ-Platzhalter,Runtime,crates/tetra-saps/src/lmm/mod.rs,203,"// pub pdu_prio: Todo, // Optional feature"
Todo-Typ,Typ-Platzhalter,Runtime,crates/tetra-saps/src/lmm/mod.rs,218,"// pub received_address_type: Todo,"
Todo-Typ,Typ-Platzhalter,Runtime,crates/tetra-saps/src/lmm/mod.rs,225,"pub mcc: Todo,"
Todo-Typ,Typ-Platzhalter,Runtime,crates/tetra-saps/src/lmm/mod.rs,226,"pub mnc: Todo,"
Todo-Typ,Typ-Platzhalter,Runtime,crates/tetra-saps/src/lmm/mod.rs,227,"pub ra: Todo,"
Todo-Typ,Typ-Platzhalter,Runtime,crates/tetra-saps/src/lmm/mod.rs,228,"pub cell_type_prefs: Option<Todo>,"
Todo-Typ,Typ-Platzhalter,Runtime,crates/tetra-saps/src/lmm/mod.rs,229,"pub registration_result: Todo,"
TODO/FIXME,technische Schuld,Runtime,crates/tetra-saps/src/sapmsg.rs,34,// TODO FIXME and all that stuff
Todo-Typ,Typ-Platzhalter,Runtime,crates/tetra-saps/src/tla/mod.rs,5,"use tetra_core::{BitBuffer, EndpointId, LinkId, TetraAddress, Todo, TxReporter};"
Todo-Typ,Typ-Platzhalter,Runtime,crates/tetra-saps/src/tla/mod.rs,13,"pub handle: Todo,"
Todo-Typ,Typ-Platzhalter,Runtime,crates/tetra-saps/src/tla/mod.rs,21,"// address_type: Todo,"
Todo-Typ,Typ-Platzhalter,Runtime,crates/tetra-saps/src/tla/mod.rs,22,"main_address: Todo,"
Todo-Typ,Typ-Platzhalter,Runtime,crates/tetra-saps/src/tla/mod.rs,23,"scrambling_code: Todo,"
Todo-Typ,Typ-Platzhalter,Runtime,crates/tetra-saps/src/tla/mod.rs,26,"pdu_prio: Todo,"
Todo-Typ,Typ-Platzhalter,Runtime,crates/tetra-saps/src/tla/mod.rs,28,"subscriber_class: Todo,"
Todo-Typ,Typ-Platzhalter,Runtime,crates/tetra-saps/src/tla/mod.rs,29,"qos: Todo,"
Todo-Typ,Typ-Platzhalter,Runtime,crates/tetra-saps/src/tla/mod.rs,30,"al_service: Todo,"
Todo-Typ,Typ-Platzhalter,Runtime,crates/tetra-saps/src/tla/mod.rs,31,"air_interface_encryption: Todo,"
Todo-Typ,Typ-Platzhalter,Runtime,crates/tetra-saps/src/tla/mod.rs,32,"req_handle: Todo,"
Todo-Typ,Typ-Platzhalter,Runtime,crates/tetra-saps/src/tla/mod.rs,33,"setup_report: Todo,"
Todo-Typ,Typ-Platzhalter,Runtime,crates/tetra-saps/src/tla/mod.rs,40,"// address_type: Todo,"
Todo-Typ,Typ-Platzhalter,Runtime,crates/tetra-saps/src/tla/mod.rs,41,"main_address: Todo,"
Todo-Typ,Typ-Platzhalter,Runtime,crates/tetra-saps/src/tla/mod.rs,42,"scrambling_code: Todo,"
Todo-Typ,Typ-Platzhalter,Runtime,crates/tetra-saps/src/tla/mod.rs,45,"new_endpoint_id: Option<Todo>,"
Todo-Typ,Typ-Platzhalter,Runtime,crates/tetra-saps/src/tla/mod.rs,46,"css_endpoint_id: Option<Todo>,"
Todo-Typ,Typ-Platzhalter,Runtime,crates/tetra-saps/src/tla/mod.rs,47,"qos: Todo,"
Todo-Typ,Typ-Platzhalter,Runtime,crates/tetra-saps/src/tla/mod.rs,48,"al_service: Todo,"
Todo-Typ,Typ-Platzhalter,Runtime,crates/tetra-saps/src/tla/mod.rs,49,"air_interface_encryption: Todo,"
Todo-Typ,Typ-Platzhalter,Runtime,crates/tetra-saps/src/tla/mod.rs,51,"chan_change_handle: Option<Todo>,"
Todo-Typ,Typ-Platzhalter,Runtime,crates/tetra-saps/src/tla/mod.rs,52,"chan_info: Option<Todo>,"
Todo-Typ,Typ-Platzhalter,Runtime,crates/tetra-saps/src/tla/mod.rs,53,"req_handle: Todo,"
Todo-Typ,Typ-Platzhalter,Runtime,crates/tetra-saps/src/tla/mod.rs,54,"setup_report: Todo,"
Todo-Typ,Typ-Platzhalter,Runtime,crates/tetra-saps/src/tla/mod.rs,61,"// address_type: Todo,"
Todo-Typ,Typ-Platzhalter,Runtime,crates/tetra-saps/src/tla/mod.rs,62,"main_address: Todo,"
Todo-Typ,Typ-Platzhalter,Runtime,crates/tetra-saps/src/tla/mod.rs,63,"scrambling_code: Todo,"
Todo-Typ,Typ-Platzhalter,Runtime,crates/tetra-saps/src/tla/mod.rs,66,"pdu_prio: Todo,"
Todo-Typ,Typ-Platzhalter,Runtime,crates/tetra-saps/src/tla/mod.rs,68,"subscriber_class: Todo,"
Todo-Typ,Typ-Platzhalter,Runtime,crates/tetra-saps/src/tla/mod.rs,69,"qos: Todo,"
Todo-Typ,Typ-Platzhalter,Runtime,crates/tetra-saps/src/tla/mod.rs,70,"al_service: Todo,"
Todo-Typ,Typ-Platzhalter,Runtime,crates/tetra-saps/src/tla/mod.rs,71,"air_interface_encryption: Todo,"
Todo-Typ,Typ-Platzhalter,Runtime,crates/tetra-saps/src/tla/mod.rs,72,"req_handle: Todo,"
Todo-Typ,Typ-Platzhalter,Runtime,crates/tetra-saps/src/tla/mod.rs,73,"setup_report: Todo,"
Todo-Typ,Typ-Platzhalter,Runtime,crates/tetra-saps/src/tla/mod.rs,80,"// address_type: Todo,"
Todo-Typ,Typ-Platzhalter,Runtime,crates/tetra-saps/src/tla/mod.rs,81,"main_address: Todo,"
Todo-Typ,Typ-Platzhalter,Runtime,crates/tetra-saps/src/tla/mod.rs,82,"scrambling_code: Todo,"
Todo-Typ,Typ-Platzhalter,Runtime,crates/tetra-saps/src/tla/mod.rs,85,"new_endpoint_id: Option<Todo>,"
Todo-Typ,Typ-Platzhalter,Runtime,crates/tetra-saps/src/tla/mod.rs,86,"css_endpoint_id: Option<Todo>,"
Todo-Typ,Typ-Platzhalter,Runtime,crates/tetra-saps/src/tla/mod.rs,87,"qos: Todo,"
Todo-Typ,Typ-Platzhalter,Runtime,crates/tetra-saps/src/tla/mod.rs,88,"al_service: Todo,"
Todo-Typ,Typ-Platzhalter,Runtime,crates/tetra-saps/src/tla/mod.rs,89,"air_interface_encryption: Todo,"
Todo-Typ,Typ-Platzhalter,Runtime,crates/tetra-saps/src/tla/mod.rs,91,"chan_change_handle: Option<Todo>,"
Todo-Typ,Typ-Platzhalter,Runtime,crates/tetra-saps/src/tla/mod.rs,92,"chan_info: Option<Todo>,"
Todo-Typ,Typ-Platzhalter,Runtime,crates/tetra-saps/src/tla/mod.rs,93,"req_handle: Todo,"
Todo-Typ,Typ-Platzhalter,Runtime,crates/tetra-saps/src/tla/mod.rs,94,"setup_report: Todo,"
Todo-Typ,Typ-Platzhalter,Runtime,crates/tetra-saps/src/tla/mod.rs,118,"// pub address_type: Todo,"
TODO/FIXME,technische Schuld,Runtime,crates/tetra-saps/src/tla/mod.rs,123,"// pub scrambling_code: u32, // TODO FIXME: according to the spec, should be there, but why do we need to provide this?"
Todo-Typ,Typ-Platzhalter,Runtime,crates/tetra-saps/src/tla/mod.rs,124,"// pub pdu_prio: Todo, // Optional feature"
Todo-Typ,Typ-Platzhalter,Runtime,crates/tetra-saps/src/tla/mod.rs,126,"pub subscriber_class: Todo,"
Todo-Typ,Typ-Platzhalter,Runtime,crates/tetra-saps/src/tla/mod.rs,128,"pub air_interface_encryption: Option<Todo>,"
Todo-Typ,Typ-Platzhalter,Runtime,crates/tetra-saps/src/tla/mod.rs,130,"pub data_class_info: Option<Todo>,"
Todo-Typ,Typ-Platzhalter,Runtime,crates/tetra-saps/src/tla/mod.rs,131,"pub req_handle: Todo,"
Todo-Typ,Typ-Platzhalter,Runtime,crates/tetra-saps/src/tla/mod.rs,132,"pub graceful_degradation: Option<Todo>,"
Todo-Typ,Typ-Platzhalter,Runtime,crates/tetra-saps/src/tla/mod.rs,149,"// pub address_type: Todo,"
Todo-Typ,Typ-Platzhalter,Runtime,crates/tetra-saps/src/tla/mod.rs,158,"pub air_interface_encryption: Todo,"
Todo-Typ,Typ-Platzhalter,Runtime,crates/tetra-saps/src/tla/mod.rs,160,"pub chan_change_handle: Option<Todo>,"
Todo-Typ,Typ-Platzhalter,Runtime,crates/tetra-saps/src/tla/mod.rs,161,"pub chan_info: Option<Todo>,"
Todo-Typ,Typ-Platzhalter,Runtime,crates/tetra-saps/src/tla/mod.rs,162,"pub req_handle: Todo,"
Todo-Typ,Typ-Platzhalter,Runtime,crates/tetra-saps/src/tla/mod.rs,173,"// pub address_type: Todo,"
Todo-Typ,Typ-Platzhalter,Runtime,crates/tetra-saps/src/tla/mod.rs,178,"pub scrambling_code: Todo,"
Todo-Typ,Typ-Platzhalter,Runtime,crates/tetra-saps/src/tla/mod.rs,179,"pub pdu_prio: Todo,"
Todo-Typ,Typ-Platzhalter,Runtime,crates/tetra-saps/src/tla/mod.rs,181,"pub subscriber_class: Todo,"
Todo-Typ,Typ-Platzhalter,Runtime,crates/tetra-saps/src/tla/mod.rs,183,"pub air_interface_encryption: Todo,"
Todo-Typ,Typ-Platzhalter,Runtime,crates/tetra-saps/src/tla/mod.rs,185,"pub data_class_info: Option<Todo>,"
Todo-Typ,Typ-Platzhalter,Runtime,crates/tetra-saps/src/tla/mod.rs,186,"pub req_handle: Todo,"
Todo-Typ,Typ-Platzhalter,Runtime,crates/tetra-saps/src/tla/mod.rs,197,"// pub address_type: Todo,"
Todo-Typ,Typ-Platzhalter,Runtime,crates/tetra-saps/src/tla/mod.rs,201,"pub new_endpoint_id: Option<Todo>,"
Todo-Typ,Typ-Platzhalter,Runtime,crates/tetra-saps/src/tla/mod.rs,202,"pub css_endpoint_id: Option<Todo>,"
Todo-Typ,Typ-Platzhalter,Runtime,crates/tetra-saps/src/tla/mod.rs,204,"pub scrambling_code: Todo,"
Todo-Typ,Typ-Platzhalter,Runtime,crates/tetra-saps/src/tla/mod.rs,206,"pub air_interface_encryption: Todo,"
Todo-Typ,Typ-Platzhalter,Runtime,crates/tetra-saps/src/tla/mod.rs,208,"pub chan_change_handle: Option<Todo>,"
Todo-Typ,Typ-Platzhalter,Runtime,crates/tetra-saps/src/tla/mod.rs,209,"pub chan_info: Option<Todo>,"
Todo-Typ,Typ-Platzhalter,Runtime,crates/tetra-saps/src/tla/mod.rs,210,"pub req_handle: Todo,"
Todo-Typ,Typ-Platzhalter,Runtime,crates/tetra-saps/src/tla/mod.rs,211,"pub report: Todo,"
Todo-Typ,Typ-Platzhalter,Runtime,crates/tetra-saps/src/tla/mod.rs,241,"// pub address_type: Todo,"
Todo-Typ,Typ-Platzhalter,Runtime,crates/tetra-saps/src/tla/mod.rs,249,"// pub address_type: Todo,"
Todo-Typ,Typ-Platzhalter,Runtime,crates/tetra-saps/src/tla/mod.rs,251,"pub link_id: Option<Todo>,"
Todo-Typ,Typ-Platzhalter,Runtime,crates/tetra-saps/src/tla/mod.rs,276,"pub req_handle: Option<Todo>,"
Todo-Typ,Typ-Platzhalter,Runtime,crates/tetra-saps/src/tla/mod.rs,277,"pub report: Todo,"
Todo-Typ,Typ-Platzhalter,Runtime,crates/tetra-saps/src/tla/mod.rs,279,"pub chan_change_handle: Option<Todo>,"
Todo-Typ,Typ-Platzhalter,Runtime,crates/tetra-saps/src/tla/mod.rs,280,"pub chan_info: Option<Todo>,"
Todo-Typ,Typ-Platzhalter,Runtime,crates/tetra-saps/src/tla/mod.rs,281,"pub endpoint_id: Option<Todo>,"
Todo-Typ,Typ-Platzhalter,Runtime,crates/tetra-saps/src/tla/mod.rs,291,"// pub address_type: Todo,"
Todo-Typ,Typ-Platzhalter,Runtime,crates/tetra-saps/src/tla/mod.rs,296,"// pub scrambling_code: Todo, // TODO FIXME reintroduce in MLE for sysinfo/sync"
TODO/FIXME,technische Schuld,Runtime,crates/tetra-saps/src/tla/mod.rs,296,"// pub scrambling_code: Todo, // TODO FIXME reintroduce in MLE for sysinfo/sync"
Todo-Typ,Typ-Platzhalter,Runtime,crates/tetra-saps/src/tla/mod.rs,297,"// pub pdu_prio: Todo,"
Todo-Typ,Typ-Platzhalter,Runtime,crates/tetra-saps/src/tla/mod.rs,299,"pub subscriber_class: Todo,"
Todo-Typ,Typ-Platzhalter,Runtime,crates/tetra-saps/src/tla/mod.rs,301,"pub air_interface_encryption: Option<Todo>,"
Todo-Typ,Typ-Platzhalter,Runtime,crates/tetra-saps/src/tla/mod.rs,302,"// pub data_prio: Todo,"
TODO/FIXME,technische Schuld,Runtime,crates/tetra-saps/src/tla/mod.rs,304,"pub n_tlsdu_repeats: u8, // TODO check data type and purpose"
Todo-Typ,Typ-Platzhalter,Runtime,crates/tetra-saps/src/tla/mod.rs,305,"// pub scheduled_data_status: Todo,"
Todo-Typ,Typ-Platzhalter,Runtime,crates/tetra-saps/src/tla/mod.rs,306,"// pub max_schedule_interval: Option<Todo>,"
Todo-Typ,Typ-Platzhalter,Runtime,crates/tetra-saps/src/tla/mod.rs,307,"pub data_class_info: Option<Todo>,"
Todo-Typ,Typ-Platzhalter,Runtime,crates/tetra-saps/src/tla/mod.rs,308,"pub req_handle: Todo,"
Todo-Typ,Typ-Platzhalter,Runtime,crates/tetra-saps/src/tla/mod.rs,325,"// pub address_type: Todo,"
Todo-Typ,Typ-Platzhalter,Runtime,crates/tetra-saps/src/tla/mod.rs,334,"pub air_interface_encryption: Todo,"
Todo-Typ,Typ-Platzhalter,Runtime,crates/tetra-saps/src/tla/mod.rs,336,"pub chan_change_handle: Option<Todo>,"
Todo-Typ,Typ-Platzhalter,Runtime,crates/tetra-saps/src/tla/mod.rs,337,"pub chan_info: Option<Todo>,"
Todo-Typ,Typ-Platzhalter,Runtime,crates/tetra-saps/src/tla/mod.rs,338,"pub report: Option<Todo>,"
Todo-Typ,Typ-Platzhalter,Runtime,crates/tetra-saps/src/tla/mod.rs,348,"// pub address_type: Todo,"
Todo-Typ,Typ-Platzhalter,Runtime,crates/tetra-saps/src/tla/mod.rs,352,"pub req_handle: Todo,"
Todo-Typ,Typ-Platzhalter,Runtime,crates/tetra-saps/src/tla/mod.rs,353,"pub report: Option<Todo>,"
Todo-Typ,Typ-Platzhalter,Runtime,crates/tetra-saps/src/tlmb/mod.rs,4,"use tetra_core::{BitBuffer, EndpointId, Todo};"
Todo-Typ,Typ-Platzhalter,Runtime,crates/tetra-saps/src/tlmb/mod.rs,14,"pub priority: Todo,"
Todo-Typ,Typ-Platzhalter,Runtime,crates/tetra-saps/src/tlmb/mod.rs,35,"pub mac_broadcast_info: Option<Todo>,"
Todo-Typ,Typ-Platzhalter,Runtime,crates/tetra-saps/src/tlmb/mod.rs,36,"pub priority: Todo,"
Todo-Typ,Typ-Platzhalter,Runtime,crates/tetra-saps/src/tlmb/mod.rs,47,"pub mac_broadcast_info: Option<Todo>,"
Todo-Typ,Typ-Platzhalter,Runtime,crates/tetra-saps/src/tma/mod.rs,4,"use tetra_core::{BitBuffer, EndpointId, LinkId, TetraAddress, Todo, TxReporter};"
Todo-Typ,Typ-Platzhalter,Runtime,crates/tetra-saps/src/tma/mod.rs,14,pub const TMA_REQ_HANDLE_FRAME18_COMMON_SCCH_PREFIX: Todo = 0x180000;
Todo-Typ,Typ-Platzhalter,Runtime,crates/tetra-saps/src/tma/mod.rs,17,pub const TMA_REQ_HANDLE_FRAME18_COMMON_SCCH_MASK: Todo = 0xFF0000;
Todo-Typ,Typ-Platzhalter,Runtime,crates/tetra-saps/src/tma/mod.rs,22,pub fn make_frame18_common_scch_handle(call_id: u16) -> Todo {
Todo-Typ,Typ-Platzhalter,Runtime,crates/tetra-saps/src/tma/mod.rs,23,TMA_REQ_HANDLE_FRAME18_COMMON_SCCH_PREFIX | Todo::from(call_id)
Todo-Typ,Typ-Platzhalter,Runtime,crates/tetra-saps/src/tma/mod.rs,29,pub fn parse_frame18_common_scch_handle(handle: Todo) -> Option<u16> {
Todo-Typ,Typ-Platzhalter,Runtime,crates/tetra-saps/src/tma/mod.rs,42,"pub req_handle: Todo,"
Todo-Typ,Typ-Platzhalter,Runtime,crates/tetra-saps/src/tma/mod.rs,82,"pub req_handle: Todo,"
Todo-Typ,Typ-Platzhalter,Runtime,crates/tetra-saps/src/tma/mod.rs,93,"pub req_handle: Todo,"
TODO/FIXME,technische Schuld,Runtime,crates/tetra-saps/src/tma/mod.rs,96,"// pub scrambling_code: u32, // TODO FIXME : according to the spec, should be there, but why do we need to provide this?"
Todo-Typ,Typ-Platzhalter,Runtime,crates/tetra-saps/src/tma/mod.rs,99,"// pub pdu_prio: Todo, // optional feature"
Todo-Typ,Typ-Platzhalter,Runtime,crates/tetra-saps/src/tma/mod.rs,101,"pub subscriber_class: Todo,"
Todo-Typ,Typ-Platzhalter,Runtime,crates/tetra-saps/src/tma/mod.rs,102,"pub air_interface_encryption: Option<Todo>,"
Todo-Typ,Typ-Platzhalter,Runtime,crates/tetra-saps/src/tma/mod.rs,104,"pub data_category: Option<Todo>,"
Todo-Typ,Typ-Platzhalter,Runtime,crates/tetra-saps/src/tma/mod.rs,128,"pub air_interface_encryption: Todo,"
Todo-Typ,Typ-Platzhalter,Runtime,crates/tetra-saps/src/tma/mod.rs,130,"pub chan_change_handle: Option<Todo>,"
Todo-Typ,Typ-Platzhalter,Runtime,crates/tetra-saps/src/tma/mod.rs,131,"pub chan_info: Option<Todo>,"
TODO/FIXME,technische Schuld,Runtime,crates/tetra-saps/src/tmv/enums/logical_chans.rs,54,"/// TODO FIXME actually, BNCH, BSCH, AACH are also part of CP"
Todo-Typ,Typ-Platzhalter,Runtime,crates/tetra-saps/src/tmv/mod.rs,8,"use tetra_core::{BitBuffer, PhyBlockNum, PhysicalChannel, TdmaTime, Todo};"
Todo-Typ,Typ-Platzhalter,Runtime,crates/tetra-saps/src/tmv/mod.rs,85,"// pub channel_info: Option<Todo>,"
Todo-Typ,Typ-Platzhalter,Runtime,crates/tetra-saps/src/tmv/mod.rs,89,"// pub energy_economy_info: Option<Todo>,"
Todo-Typ,Typ-Platzhalter,Runtime,crates/tetra-saps/src/tmv/mod.rs,93,"pub tch_type_and_interleaving_depth: Option<Todo>,"
Todo-Typ,Typ-Platzhalter,Runtime,crates/tetra-saps/src/tmv/mod.rs,94,"// pub monitoring_pattern_info: Option<Todo>,"
Todo-Typ,Typ-Platzhalter,Runtime,crates/tetra-saps/src/tmv/mod.rs,103,"pub channel_info: Todo,"
panic!,prüfen,Runtime,bins/bluestation-bs/src/main.rs,333,"panic!(""Unsupported PhyIo type: {:?}"", cfg.config().phy_io.backend);"
panic!,prüfen,Runtime,bins/bluestation-bs/src/main.rs,532,"panic!(""Failed to start Asterisk SIP integration: {}"", err);"
unreachable!,prüfen,Runtime,bins/pdu-tool/src/entities/umac.rs,132,"_ => unreachable!(),"
panic!,Test-Assertion,Test,system-backend/call-control/src/state.rs,3125,"_ => panic!(""restore must queue a command""),"
panic!,Test-Assertion,Test,system-backend/group-core/src/state.rs,1188,"panic!(""expected command request"");"
panic!,Test-Assertion,Test,system-backend/group-core/src/state.rs,1196,"panic!(""expected group policy command"");"
unreachable!,prüfen,Runtime,system-backend/node-gateway/src/ws.rs,460,"BackendRequest::Subscribe { .. } => unreachable!(""subscription handled above""),"
unreachable!,prüfen,Runtime,system-backend/node-gateway/src/ws.rs,461,"BackendRequest::MediaFrame { .. } => unreachable!(""media frame handled above""),"
